<Exception><ExceptionRecord ModuleName="C:\Program Files\AnsysEM\v222\Win64\ansysedt.exe" ExceptionCode="0xc0000005" ExceptionDescription="EXCEPTION_ACCESS_VIOLATION" ExceptionAddress="0xf9834b9d"/><Processor Vendor="GenuineIntel" Architecture="PROCESSOR_ARCHITECTURE_AMD64" Description="Intel(R) Core(TM) i5-10500 CPU @ 3.10GHz" NumberOfProcessors="12"/><OperatingSystem Version="Windows 8 Professional " MajorVersion="6" MinorVersion="2" BuildNumber="9200" Platform="2" CSDVersion=""/><Memory Load="94"><Physical Total="16881086464" Available="968491008"/><Virtual Total="140737488224256" Available="140730380476416"/></Memory><Modules><Module FullPath="C:\Program Files\AnsysEM\v222\Win64\ansysedt.exe" BaseAddress="0x40000000" Size="0x003f1000" TimeStamp="05/27/2022 01:37:20" FileVersion="2022.2.0.1" ProductVersion="2022.2.0.0"/><Module FullPath="C:\WINDOWS\System32\ntdll.dll" BaseAddress="0x15c60000" Size="0x0020a000" TimeStamp="06/17/2024 15:39:17" FileVersion="6.2.22000.3019" ProductVersion="10.0.22000.3019"/><Module FullPath="C:\WINDOWS\System32\kernel32.dll" BaseAddress="0x15250000" Size="0x000bd000" TimeStamp="03/18/2024 05:48:09" FileVersion="6.2.22000.2836" ProductVersion="10.0.22000.2836"/><Module FullPath="C:\WINDOWS\System32\KERNELBASE.dll" BaseAddress="0x130d0000" Size="0x00385000" TimeStamp="07/15/2024 10:37:08" FileVersion="6.2.22000.3079" ProductVersion="10.0.22000.3079"/><Module FullPath="C:\WINDOWS\System32\user32.dll" BaseAddress="0x15a70000" Size="0x001ac000" TimeStamp="07/15/2024 10:37:05" FileVersion="6.2.22000.3079" ProductVersion="10.0.22000.3079"/><Module FullPath="C:\WINDOWS\System32\win32u.dll" BaseAddress="0x13460000" Size="0x00026000" TimeStamp="07/15/2024 10:37:05" FileVersion="6.2.22000.3079" ProductVersion="10.0.22000.3079"/><Module FullPath="C:\WINDOWS\System32\gdi32.dll" BaseAddress="0x156c0000" Size="0x00029000" TimeStamp="06/17/2024 15:39:14" FileVersion="6.2.22000.3019" ProductVersion="10.0.22000.3019"/><Module FullPath="C:\WINDOWS\System32\gdi32full.dll" BaseAddress="0x13530000" Size="0x0011c000" TimeStamp="07/15/2024 10:37:09" FileVersion="6.2.22000.3079" ProductVersion="10.0.22000.3079"/><Module FullPath="C:\Program Files\AnsysEM\v222\Win64\desktop.dll" BaseAddress="0x80000000" Size="0x0120b000" TimeStamp="05/27/2022 01:38:16" FileVersion="2022.2.0.1" ProductVersion="2022.2.0.0"/><Module FullPath="C:\WINDOWS\System32\msvcp_win.dll" BaseAddress="0x13650000" Size="0x0009d000" TimeStamp="06/05/2021 07:05:23" FileVersion="6.2.22000.1" ProductVersion="10.0.22000.1"/><Module FullPath="C:\WINDOWS\System32\ucrtbase.dll" BaseAddress="0x139a0000" Size="0x00111000" TimeStamp="06/05/2021 07:05:23" FileVersion="6.2.22000.1" ProductVersion="10.0.22000.1"/><Module FullPath="C:\WINDOWS\System32\advapi32.dll" BaseAddress="0x159b0000" Size="0x000b1000" TimeStamp="06/17/2024 15:39:13" FileVersion="6.2.22000.3019" ProductVersion="10.0.22000.3019"/><Module FullPath="C:\WINDOWS\System32\msvcrt.dll" BaseAddress="0x15110000" Size="0x000a3000" TimeStamp="06/05/2021 07:05:25" FileVersion="7.0.22000.1" ProductVersion="10.0.22000.1"/><Module FullPath="C:\WINDOWS\System32\sechost.dll" BaseAddress="0x13ec0000" Size="0x000a2000" TimeStamp="06/17/2024 15:39:18" FileVersion="6.2.22000.3019" ProductVersion="10.0.22000.3019"/><Module FullPath="C:\WINDOWS\System32\bcrypt.dll" BaseAddress="0x13490000" Size="0x00027000" TimeStamp="02/05/2024 19:50:20" FileVersion="6.2.22000.2600" ProductVersion="10.0.22000.2600"/><Module FullPath="C:\WINDOWS\System32\rpcrt4.dll" BaseAddress="0x15760000" Size="0x00120000" TimeStamp="04/15/2024 04:37:37" FileVersion="6.2.22000.2899" ProductVersion="10.0.22000.2899"/><Module FullPath="C:\WINDOWS\System32\shell32.dll" BaseAddress="0x14910000" Size="0x007c5000" TimeStamp="07/15/2024 10:37:11" FileVersion="6.2.22000.3079" ProductVersion="10.0.22000.3079"/><Module FullPath="C:\WINDOWS\System32\ole32.dll" BaseAddress="0x15400000" Size="0x0019a000" TimeStamp="02/05/2024 19:50:19" FileVersion="6.2.22000.2600" ProductVersion="10.0.22000.2600"/><Module FullPath="C:\Program Files\AnsysEM\v222\Win64\ansversion.dll" BaseAddress="0x10310000" Size="0x0000b000" TimeStamp="05/27/2022 01:37:06" FileVersion="0.0.0.0" ProductVersion="0.0.0.0"/><Module FullPath="C:\WINDOWS\System32\combase.dll" BaseAddress="0x13b40000" Size="0x00376000" TimeStamp="02/05/2024 19:50:21" FileVersion="6.2.22000.2600" ProductVersion="10.0.22000.2600"/><Module FullPath="C:\WINDOWS\System32\oleaut32.dll" BaseAddress="0x145a0000" Size="0x000d6000" TimeStamp="02/05/2024 19:50:21" FileVersion="6.2.22000.2600" ProductVersion="10.0.22000.2600"/><Module FullPath="C:\Program Files\AnsysEM\v222\Win64\AppBase.dll" BaseAddress="0x0b8f0000" Size="0x0001a000" TimeStamp="05/27/2022 01:37:22" FileVersion="1.0.0.1" ProductVersion="1.0.0.1"/><Module FullPath="C:\WINDOWS\System32\shlwapi.dll" BaseAddress="0x13ae0000" Size="0x0005d000" TimeStamp="06/05/2021 07:05:33" FileVersion="6.2.22000.1" ProductVersion="10.0.22000.1"/><Module FullPath="C:\WINDOWS\System32\mfc140.dll" BaseAddress="0xf9580000" Size="0x00562000" TimeStamp="03/29/2021 14:47:30" FileVersion="14.28.29914.0" ProductVersion="14.28.29914.0"/><Module FullPath="C:\WINDOWS\System32\wtsapi32.dll" BaseAddress="0x101b0000" Size="0x00014000" TimeStamp="06/05/2021 07:05:14" FileVersion="6.2.22000.1" ProductVersion="10.0.22000.1"/><Module FullPath="C:\WINDOWS\System32\msvcp140.dll" BaseAddress="0xa4ca0000" Size="0x0008d000" TimeStamp="03/29/2021 14:47:18" FileVersion="14.28.29914.0" ProductVersion="14.28.29914.0"/><Module FullPath="C:\WINDOWS\System32\imm32.dll" BaseAddress="0x15880000" Size="0x00031000" TimeStamp="02/05/2024 19:50:24" FileVersion="6.2.22000.2600" ProductVersion="10.0.22000.2600"/><Module FullPath="C:\WINDOWS\System32\crypt32.dll" BaseAddress="0x136f0000" Size="0x0016a000" TimeStamp="06/17/2024 15:39:17" FileVersion="6.2.22000.3019" ProductVersion="10.0.22000.3019"/><Module FullPath="C:\WINDOWS\System32\psapi.dll" BaseAddress="0x156f0000" Size="0x00008000" TimeStamp="06/05/2021 07:05:23" FileVersion="6.2.22000.1" ProductVersion="10.0.22000.1"/><Module FullPath="C:\WINDOWS\System32\wintrust.dll" BaseAddress="0x134c0000" Size="0x00068000" TimeStamp="06/17/2024 15:39:15" FileVersion="6.2.22000.3019" ProductVersion="10.0.22000.3019"/><Module FullPath="C:\WINDOWS\System32\VCRUNTIME140.dll" BaseAddress="0xe6660000" Size="0x0001a000" TimeStamp="03/29/2021 14:48:06" FileVersion="14.28.29914.0" ProductVersion="14.28.29914.0"/><Module FullPath="C:\WINDOWS\System32\comdlg32.dll" BaseAddress="0x158c0000" Size="0x000ec000" TimeStamp="02/05/2024 19:50:32" FileVersion="6.2.22000.2600" ProductVersion="10.0.22000.2600"/><Module FullPath="C:\WINDOWS\System32\SHCore.dll" BaseAddress="0x15310000" Size="0x000ea000" TimeStamp="06/17/2024 15:39:16" FileVersion="6.2.22000.3019" ProductVersion="10.0.22000.3019"/><Module FullPath="C:\WINDOWS\System32\mpr.dll" BaseAddress="0x022c0000" Size="0x0001d000" TimeStamp="02/05/2024 19:50:24" FileVersion="6.2.22000.2600" ProductVersion="10.0.22000.2600"/><Module FullPath="C:\Program Files\AnsysEM\v222\Win64\DesktopZipArchive.dll" BaseAddress="0xfd320000" Size="0x00053000" TimeStamp="11/30/2017 16:01:10" FileVersion="4.6.1.0" ProductVersion="4.6.1.0"/><Module FullPath="C:\WINDOWS\System32\ws2_32.dll" BaseAddress="0x147a0000" Size="0x0006f000" TimeStamp="06/05/2021 07:05:25" FileVersion="6.2.22000.1" ProductVersion="10.0.22000.1"/><Module FullPath="C:\Program Files\AnsysEM\v222\Win64\xerces-c_3_2_A.dll" BaseAddress="0xf8c20000" Size="0x002d2000" TimeStamp="08/26/2020 17:17:08" FileVersion="3.2.2.0" ProductVersion="3.2.2.0"/><Module FullPath="C:\Program Files\AnsysEM\v222\Win64\ApipWrapper.dll" BaseAddress="0xfb380000" Size="0x000fb000" TimeStamp="05/16/2018 06:01:18" FileVersion="0.0.0.0" ProductVersion="0.0.0.0"/><Module FullPath="C:\Program Files\AnsysEM\v222\Win64\Ans.Minerva.SDK.dll" BaseAddress="0xfb8b0000" Size="0x000ac000" TimeStamp="07/24/2020 22:32:02" FileVersion="0.0.0.0" ProductVersion="0.0.0.0"/><Module FullPath="C:\Program Files\AnsysEM\v222\Win64\zlibwapi.dll" BaseAddress="0xfd9c0000" Size="0x00022000" TimeStamp="07/31/2017 14:44:46" FileVersion="1.2.11.0" ProductVersion="1.2.11.0"/><Module FullPath="C:\WINDOWS\System32\Wldap32.dll" BaseAddress="0x15700000" Size="0x00060000" TimeStamp="05/20/2024 04:03:11" FileVersion="6.2.22000.2960" ProductVersion="10.0.22000.2960"/><Module FullPath="C:\WINDOWS\System32\normaliz.dll" BaseAddress="0x15100000" Size="0x00008000" TimeStamp="06/05/2021 07:05:27" FileVersion="6.2.22000.1" ProductVersion="10.0.22000.1"/><Module FullPath="C:\Program Files\AnsysEM\v222\Win64\PluginCore.dll" BaseAddress="0xff6e0000" Size="0x0001d000" TimeStamp="05/27/2022 01:40:26" FileVersion="0.0.0.0" ProductVersion="0.0.0.0"/><Module FullPath="C:\WINDOWS\System32\VCRUNTIME140_1.dll" BaseAddress="0xe66c0000" Size="0x0000c000" TimeStamp="03/29/2021 14:48:06" FileVersion="14.28.29914.0" ProductVersion="14.28.29914.0"/><Module FullPath="C:\WINDOWS\System32\uxtheme.dll" BaseAddress="0x10500000" Size="0x000ac000" TimeStamp="04/15/2024 04:37:35" FileVersion="6.2.22000.2899" ProductVersion="10.0.22000.2899"/><Module FullPath="C:\WINDOWS\System32\dhcpcsvc.dll" BaseAddress="0x0e430000" Size="0x0001e000" TimeStamp="02/05/2024 19:50:20" FileVersion="6.2.22000.2600" ProductVersion="10.0.22000.2600"/><Module FullPath="C:\WINDOWS\System32\IPHLPAPI.DLL" BaseAddress="0x11990000" Size="0x0002d000" TimeStamp="02/05/2024 19:50:20" FileVersion="6.2.22000.2713" ProductVersion="10.0.22000.2713"/><Module FullPath="C:\WINDOWS\WinSxS\amd64_microsoft.windows.common-controls_6595b64144ccf1df_5.82.22000.2600_none_cad04bf515c180f7\comctl32.dll" BaseAddress="0xe7740000" Size="0x000b2000" TimeStamp="12/30/2023 14:30:25" FileVersion="5.82.22000.2600" ProductVersion="10.0.22000.2600"/><Module FullPath="C:\WINDOWS\WinSxS\amd64_microsoft.windows.gdiplus_6595b64144ccf1df_1.1.22000.2600_none_4c500841c574917c\GdiPlus.dll" BaseAddress="0x018e0000" Size="0x001b3000" TimeStamp="12/30/2023 14:30:25" FileVersion="6.2.22000.2600" ProductVersion="10.0.22000.2600"/><Module FullPath="C:\Program Files\AnsysEM\v222\Win64\sfl1220as.dll" BaseAddress="0x5bca0000" Size="0x000b7000" TimeStamp="09/13/2018 10:51:04" FileVersion="12.2.0.0" ProductVersion="12.2.0.0"/><Module FullPath="C:\Program Files\AnsysEM\v222\Win64\ot1220as.dll" BaseAddress="0x5b9e0000" Size="0x002bd000" TimeStamp="09/13/2018 10:52:14" FileVersion="12.2.0.0" ProductVersion="12.2.0.0"/><Module FullPath="C:\Program Files\AnsysEM\v222\Win64\boost_random-vc142-mt-x64-1_71.dll" BaseAddress="0x101e0000" Size="0x0000b000" TimeStamp="01/21/2022 01:06:36" FileVersion="0.0.0.0" ProductVersion="0.0.0.0"/><Module FullPath="C:\WINDOWS\System32\netapi32.dll" BaseAddress="0x03aa0000" Size="0x00019000" TimeStamp="02/05/2024 19:50:10" FileVersion="6.2.22000.2600" ProductVersion="10.0.22000.2600"/><Module FullPath="C:\WINDOWS\System32\mscoree.dll" BaseAddress="0x09080000" Size="0x00067000" TimeStamp="06/05/2021 07:06:26" FileVersion="6.2.22000.1" ProductVersion="10.0.22000.1"/><Module FullPath="C:\WINDOWS\WinSxS\amd64_microsoft.windows.common-controls_6595b64144ccf1df_6.0.22000.2600_none_1b65155c6ae217ae\comctl32.dll" BaseAddress="0xf5530000" Size="0x002a5000" TimeStamp="12/30/2023 14:30:25" FileVersion="6.10.22000.2600" ProductVersion="10.0.22000.2600"/><Module FullPath="C:\Program Files\AnsysEM\v222\Win64\ngcore.dll" BaseAddress="0x00ae0000" Size="0x0060e000" TimeStamp="05/27/2022 01:42:18" FileVersion="2022.2.0.1" ProductVersion="2022.2.0.0"/><Module FullPath="C:\Program Files\AnsysEM\v222\Win64\uicore.dll" BaseAddress="0x010f0000" Size="0x00708000" TimeStamp="05/27/2022 01:41:56" FileVersion="2022.2.0.1" ProductVersion="2022.2.0.0"/><Module FullPath="C:\Program Files\AnsysEM\v222\Win64\solutionmanager.dll" BaseAddress="0x01800000" Size="0x00118000" TimeStamp="05/27/2022 01:41:28" FileVersion="2022.2.0.1" ProductVersion="2022.2.0.0"/><Module FullPath="C:\Program Files\AnsysEM\v222\Win64\uiresources.dll" BaseAddress="0x01920000" Size="0x001f3000" TimeStamp="05/27/2022 01:41:58" FileVersion="2022.2.0.1" ProductVersion="2022.2.0.0"/><Module FullPath="C:\Program Files\AnsysEM\v222\Win64\CrashReport.dll" BaseAddress="0x00a30000" Size="0x00018000" TimeStamp="05/27/2022 01:38:08" FileVersion="2022.2.0.1" ProductVersion="2022.2.0.0"/><Module FullPath="C:\Program Files\AnsysEM\v222\Win64\atl_objects.dll" BaseAddress="0x01b20000" Size="0x000e1000" TimeStamp="05/27/2022 01:37:24" FileVersion="2022.2.0.1" ProductVersion="2022.2.0.0"/><Module FullPath="C:\Program Files\AnsysEM\v222\Win64\BaseTextEditor.dll" BaseAddress="0x01c10000" Size="0x00498000" TimeStamp="05/27/2022 01:37:24" FileVersion="2022.2.0.1" ProductVersion="2022.2.0.0"/><Module FullPath="C:\Program Files\AnsysEM\v222\Win64\blackboxdata.dll" BaseAddress="0x020b0000" Size="0x00664000" TimeStamp="05/27/2022 01:37:26" FileVersion="2022.2.0.1" ProductVersion="2022.2.0.0"/><Module FullPath="C:\Program Files\AnsysEM\v222\Win64\circuitresources.dll" BaseAddress="0x02720000" Size="0x00ff8000" TimeStamp="05/27/2022 01:38:00" FileVersion="2022.2.0.1" ProductVersion="2022.2.0.0"/><Module FullPath="C:\Program Files\AnsysEM\v222\Win64\CircuitUtilityNG.dll" BaseAddress="0x03720000" Size="0x00130000" TimeStamp="05/27/2022 01:38:00" FileVersion="0.0.0.0" ProductVersion="0.0.0.0"/><Module FullPath="C:\Program Files\AnsysEM\v222\Win64\CircuitUtilityUI.dll" BaseAddress="0x03850000" Size="0x00076000" TimeStamp="05/27/2022 01:38:00" FileVersion="0.0.0.0" ProductVersion="0.0.0.0"/><Module FullPath="C:\Program Files\AnsysEM\v222\Win64\ExternalDataFile.dll" BaseAddress="0x038d0000" Size="0x000ea000" TimeStamp="05/27/2022 01:38:48" FileVersion="2022.2.0.1" ProductVersion="2022.2.0.0"/><Module FullPath="C:\Program Files\AnsysEM\v222\Win64\sheetscan.dll" BaseAddress="0x039c0000" Size="0x000eb000" TimeStamp="05/27/2022 01:41:02" FileVersion="2022.2.0.1" ProductVersion="2022.2.0.0"/><Module FullPath="C:\Program Files\AnsysEM\v222\Win64\TranslatorUtils.dll" BaseAddress="0x03ab0000" Size="0x0021f000" TimeStamp="05/27/2022 01:41:54" FileVersion="0.0.0.0" ProductVersion="0.0.0.0"/><Module FullPath="C:\Program Files\AnsysEM\v222\Win64\pthreadVC2.dll" BaseAddress="0x03cf0000" Size="0x0000f000" TimeStamp="07/01/2021 14:41:10" FileVersion="0.0.0.0" ProductVersion="0.0.0.0"/><Module FullPath="C:\Program Files\AnsysEM\v222\Win64\ansoftvkitools.dll" BaseAddress="0x03d10000" Size="0x00588000" TimeStamp="12/07/2021 15:51:52" FileVersion="0.0.0.0" ProductVersion="0.0.0.0"/><Module FullPath="C:\Program Files\AnsysEM\v222\Win64\BCGCBPRO2430140.dll" BaseAddress="0x042c0000" Size="0x00a27000" TimeStamp="01/18/2022 20:45:40" FileVersion="24.3.0.0" ProductVersion="24.3.0.0"/><Module FullPath="C:\Program Files\AnsysEM\v222\Win64\ComponentSystem.222.dll" BaseAddress="0x04cf0000" Size="0x00601000" TimeStamp="01/18/2022 20:23:24" FileVersion="22.2.0.37811" ProductVersion="22.2.0.0"/><Module FullPath="C:\Program Files\AnsysEM\v222\Win64\ansoftcom.dll" BaseAddress="0x05310000" Size="0x0013f000" TimeStamp="05/27/2022 01:37:00" FileVersion="2022.2.0.1" ProductVersion="2022.2.0.0"/><Module FullPath="C:\Program Files\AnsysEM\v222\Win64\ModulePlugin.dll" BaseAddress="0x05480000" Size="0x000c9000" TimeStamp="05/27/2022 01:40:08" FileVersion="0.0.0.0" ProductVersion="0.0.0.0"/><Module FullPath="C:\Program Files\AnsysEM\v222\Win64\ngansoftcomapp.dll" BaseAddress="0x05550000" Size="0x00112000" TimeStamp="05/27/2022 01:40:14" FileVersion="2022.2.0.1" ProductVersion="2022.2.0.0"/><Module FullPath="C:\Program Files\AnsysEM\v222\Win64\RWUXThemeS15.dll" BaseAddress="0x05670000" Size="0x00027000" TimeStamp="09/12/2018 18:12:38" FileVersion="12.2.0.0" ProductVersion="12.2.0.0"/><Module FullPath="C:\WINDOWS\System32\dbghelp.dll" BaseAddress="0x01fb0000" Size="0x00221000" TimeStamp="06/05/2021 07:05:25" FileVersion="6.2.22000.1" ProductVersion="10.0.22000.1"/><Module FullPath="C:\WINDOWS\System32\version.dll" BaseAddress="0x09360000" Size="0x0000a000" TimeStamp="06/05/2021 07:05:33" FileVersion="6.2.22000.1" ProductVersion="10.0.22000.1"/><Module FullPath="C:\Program Files\AnsysEM\v222\Win64\ZipArchive.dll" BaseAddress="0xfc7c0000" Size="0x00078000" TimeStamp="01/08/2020 16:46:32" FileVersion="4.6.7.0" ProductVersion="4.6.7.0"/><Module FullPath="C:\WINDOWS\System32\secur32.dll" BaseAddress="0x0a6d0000" Size="0x0000c000" TimeStamp="02/05/2024 19:50:39" FileVersion="6.2.22000.2600" ProductVersion="10.0.22000.2600"/><Module FullPath="C:\WINDOWS\System32\mfc140u.dll" BaseAddress="0xf86b0000" Size="0x0056a000" TimeStamp="03/29/2021 14:47:34" FileVersion="14.28.29914.0" ProductVersion="14.28.29914.0"/><Module FullPath="C:\Program Files\AnsysEM\v222\Win64\boost_regex-vc142-mt-x64-1_71.dll" BaseAddress="0xfc2b0000" Size="0x000d5000" TimeStamp="01/21/2022 01:05:32" FileVersion="0.0.0.0" ProductVersion="0.0.0.0"/><Module FullPath="C:\Program Files\AnsysEM\v222\Win64\MCADDataModel.dll" BaseAddress="0xf6b90000" Size="0x001f2000" TimeStamp="05/27/2022 01:39:58" FileVersion="0.0.0.0" ProductVersion="0.0.0.0"/><Module FullPath="C:\Program Files\AnsysEM\v222\Win64\boost_filesystem-vc142-mt-x64-1_71.dll" BaseAddress="0x0b880000" Size="0x0001f000" TimeStamp="01/21/2022 01:05:22" FileVersion="0.0.0.0" ProductVersion="0.0.0.0"/><Module FullPath="C:\Program Files\AnsysEM\v222\Win64\mkl_intel_thread.dll" BaseAddress="0x86c50000" Size="0x01952000" TimeStamp="07/20/2017 11:53:56" FileVersion="2018.0.0.1" ProductVersion="0.0.0.0"/><Module FullPath="C:\WINDOWS\System32\opengl32.dll" BaseAddress="0xf9ff0000" Size="0x00101000" TimeStamp="02/05/2024 19:51:18" FileVersion="6.2.22000.2600" ProductVersion="10.0.22000.2600"/><Module FullPath="C:\WINDOWS\System32\avifil32.dll" BaseAddress="0xfd8b0000" Size="0x00024000" TimeStamp="02/05/2024 19:51:21" FileVersion="6.2.22000.2600" ProductVersion="10.0.22000.2600"/><Module FullPath="C:\Program Files\AnsysEM\v222\Win64\glew32.dll" BaseAddress="0x5b920000" Size="0x000b1000" TimeStamp="01/03/2019 17:27:46" FileVersion="1.10.0.0" ProductVersion="1.10.0.0"/><Module FullPath="C:\Program Files\AnsysEM\v222\Win64\freetype265.dll" BaseAddress="0xfaeb0000" Size="0x000c0000" TimeStamp="10/31/2018 12:06:36" FileVersion="0.0.0.0" ProductVersion="0.0.0.0"/><Module FullPath="C:\Program Files\AnsysEM\v222\Win64\avcodec-57.dll" BaseAddress="0xc5220000" Size="0x00391000" TimeStamp="02/20/2018 12:56:30" FileVersion="0.0.0.0" ProductVersion="0.0.0.0"/><Module FullPath="C:\Program Files\AnsysEM\v222\Win64\avformat-57.dll" BaseAddress="0xfd0f0000" Size="0x0005c000" TimeStamp="02/20/2018 12:56:30" FileVersion="0.0.0.0" ProductVersion="0.0.0.0"/><Module FullPath="C:\Program Files\AnsysEM\v222\Win64\avutil-55.dll" BaseAddress="0xfb720000" Size="0x00074000" TimeStamp="02/20/2018 12:56:34" FileVersion="0.0.0.0" ProductVersion="0.0.0.0"/><Module FullPath="C:\Program Files\AnsysEM\v222\Win64\swresample-2.dll" BaseAddress="0xfd510000" Size="0x00023000" TimeStamp="02/20/2018 12:56:32" FileVersion="0.0.0.0" ProductVersion="0.0.0.0"/><Module FullPath="C:\Program Files\AnsysEM\v222\Win64\swscale-4.dll" BaseAddress="0xfb0c0000" Size="0x00086000" TimeStamp="02/20/2018 12:56:32" FileVersion="0.0.0.0" ProductVersion="0.0.0.0"/><Module FullPath="C:\WINDOWS\System32\mswsock.dll" BaseAddress="0x126f0000" Size="0x00067000" TimeStamp="06/05/2021 07:05:23" FileVersion="6.2.22000.1" ProductVersion="10.0.22000.1"/><Module FullPath="C:\Program Files\AnsysEM\v222\Win64\boost_thread-vc142-mt-x64-1_71.dll" BaseAddress="0xfd2d0000" Size="0x0001a000" TimeStamp="01/21/2022 01:05:18" FileVersion="0.0.0.0" ProductVersion="0.0.0.0"/><Module FullPath="C:\Program Files\AnsysEM\v222\Win64\boost_date_time-vc142-mt-x64-1_71.dll" BaseAddress="0x0eda0000" Size="0x00010000" TimeStamp="01/21/2022 01:05:18" FileVersion="0.0.0.0" ProductVersion="0.0.0.0"/><Module FullPath="C:\Program Files\AnsysEM\v222\Win64\boost_timer-vc142-mt-x64-1_71.dll" BaseAddress="0x0ee50000" Size="0x0000b000" TimeStamp="01/21/2022 01:06:54" FileVersion="0.0.0.0" ProductVersion="0.0.0.0"/><Module FullPath="C:\WINDOWS\System32\vcomp140.dll" BaseAddress="0xfd900000" Size="0x0002e000" TimeStamp="03/29/2021 14:48:08" FileVersion="14.28.29914.0" ProductVersion="14.28.29914.0"/><Module FullPath="C:\Program Files\AnsysEM\v222\Win64\libgmp-10.dll" BaseAddress="0x6acc0000" Size="0x00073000" TimeStamp="03/15/2021 01:54:00" FileVersion="5.0.1.0" ProductVersion="5.0.1.0"/><Module FullPath="C:\Program Files\AnsysEM\v222\Win64\libmpfr-4.dll" BaseAddress="0x6f540000" Size="0x00061000" TimeStamp="03/15/2021 01:54:00" FileVersion="3.0.0.0" ProductVersion="3.0.0.0"/><Module FullPath="C:\Program Files\AnsysEM\v222\Win64\CGAL-vc140-mt-4.14.dll" BaseAddress="0xfdb80000" Size="0x0001f000" TimeStamp="08/27/2021 12:04:32" FileVersion="4.14.0.1000" ProductVersion="4.14.0.1000"/><Module FullPath="C:\WINDOWS\System32\odbc32.dll" BaseAddress="0xfb570000" Size="0x000ba000" TimeStamp="02/05/2024 19:51:18" FileVersion="6.2.22000.2713" ProductVersion="10.0.22000.2713"/><Module FullPath="C:\WINDOWS\System32\winmm.dll" BaseAddress="0x09820000" Size="0x00033000" TimeStamp="06/05/2021 07:04:54" FileVersion="6.2.22000.1" ProductVersion="10.0.22000.1"/><Module FullPath="C:\WINDOWS\System32\winspool.drv" BaseAddress="0x021e0000" Size="0x000a8000" TimeStamp="07/15/2024 10:37:02" FileVersion="6.2.22000.3079" ProductVersion="10.0.22000.3079"/><Module FullPath="C:\WINDOWS\System32\oleacc.dll" BaseAddress="0xde1b0000" Size="0x00069000" TimeStamp="06/05/2021 07:05:39" FileVersion="7.2.22000.1" ProductVersion="10.0.22000.1"/><Module FullPath="C:\WINDOWS\System32\glu32.dll" BaseAddress="0xfcb40000" Size="0x0002d000" TimeStamp="02/05/2024 19:51:18" FileVersion="6.2.22000.2600" ProductVersion="10.0.22000.2600"/><Module FullPath="C:\WINDOWS\System32\msvfw32.dll" BaseAddress="0xfcd50000" Size="0x0002b000" TimeStamp="02/05/2024 19:51:21" FileVersion="6.2.22000.2600" ProductVersion="10.0.22000.2600"/><Module FullPath="C:\WINDOWS\System32\msacm32.dll" BaseAddress="0xfdb50000" Size="0x0001e000" TimeStamp="06/05/2021 07:04:54" FileVersion="6.2.22000.1" ProductVersion="10.0.22000.1"/><Module FullPath="C:\Program Files\AnsysEM\v222\Win64\mkl_core.dll" BaseAddress="0x69be0000" Size="0x01aac000" TimeStamp="07/20/2017 11:53:56" FileVersion="2018.0.0.1" ProductVersion="0.0.0.0"/><Module FullPath="C:\Program Files\AnsysEM\v222\Win64\libiomp5md.dll" BaseAddress="0xe3570000" Size="0x001fd000" TimeStamp="08/15/2019 09:47:50" FileVersion="5.0.2019.716" ProductVersion="5.0.2019.716"/><Module FullPath="C:\Program Files\AnsysEM\v222\Win64\boost_chrono-vc142-mt-x64-1_71.dll" BaseAddress="0x0ede0000" Size="0x0000d000" TimeStamp="01/21/2022 01:05:14" FileVersion="0.0.0.0" ProductVersion="0.0.0.0"/><Module FullPath="C:\WINDOWS\System32\dbgcore.dll" BaseAddress="0x01aa0000" Size="0x00031000" TimeStamp="06/05/2021 07:05:25" FileVersion="6.2.22000.1" ProductVersion="10.0.22000.1"/><Module FullPath="C:\WINDOWS\System32\sspicli.dll" BaseAddress="0x124e0000" Size="0x0004c000" TimeStamp="06/17/2024 15:39:18" FileVersion="6.2.22000.3019" ProductVersion="10.0.22000.3019"/><Module FullPath="C:\WINDOWS\System32\dpapi.dll" BaseAddress="0x12e30000" Size="0x0000a000" TimeStamp="06/05/2021 07:05:23" FileVersion="6.2.22000.1" ProductVersion="10.0.22000.1"/><Module FullPath="C:\WINDOWS\System32\DXCore.dll" BaseAddress="0x10600000" Size="0x00038000" TimeStamp="02/05/2024 19:49:59" FileVersion="6.2.22000.2600" ProductVersion="10.0.22000.2600"/><Module FullPath="C:\Program Files\AnsysEM\v222\Win64\postngcore.dll" BaseAddress="0x05720000" Size="0x0029f000" TimeStamp="05/27/2022 01:40:32" FileVersion="2022.2.0.1" ProductVersion="2022.2.0.0"/><Module FullPath="C:\Program Files\AnsysEM\v222\Win64\productbasedll.dll" BaseAddress="0x059c0000" Size="0x005d9000" TimeStamp="05/27/2022 01:40:32" FileVersion="2022.2.0.1" ProductVersion="2022.2.0.0"/><Module FullPath="C:\Program Files\AnsysEM\v222\Win64\managerbase.dll" BaseAddress="0x05fb0000" Size="0x0002f000" TimeStamp="05/27/2022 01:39:42" FileVersion="2022.2.0.1" ProductVersion="2022.2.0.0"/><Module FullPath="C:\Program Files\AnsysEM\v222\Win64\modulebase.dll" BaseAddress="0x05fe0000" Size="0x0004e000" TimeStamp="05/27/2022 01:40:08" FileVersion="2022.2.0.1" ProductVersion="2022.2.0.0"/><Module FullPath="C:\Program Files\AnsysEM\v222\Win64\HFResources.dll" BaseAddress="0x06030000" Size="0x001fe000" TimeStamp="05/27/2022 01:39:16" FileVersion="2022.2.0.1" ProductVersion="2022.2.0.0"/><Module FullPath="C:\Program Files\AnsysEM\v222\Win64\tdr.dll" BaseAddress="0x06250000" Size="0x00115000" TimeStamp="05/27/2022 01:41:48" FileVersion="2022.2.0.1" ProductVersion="2022.2.0.0"/><Module FullPath="C:\Program Files\AnsysEM\v222\Win64\reporter.dll" BaseAddress="0x063a0000" Size="0x0006d000" TimeStamp="05/27/2022 01:40:50" FileVersion="2022.2.0.1" ProductVersion="2022.2.0.0"/><Module FullPath="C:\Program Files\AnsysEM\v222\Win64\AnsPlot.dll" BaseAddress="0x06420000" Size="0x008e2000" TimeStamp="05/27/2022 01:37:04" FileVersion="2022.2.0.1" ProductVersion="2022.2.0.0"/><Module FullPath="C:\Program Files\AnsysEM\v222\Win64\ngplotutils.dll" BaseAddress="0x0ed70000" Size="0x0000d000" TimeStamp="05/27/2022 01:40:16" FileVersion="0.0.0.0" ProductVersion="0.0.0.0"/><Module FullPath="C:\Program Files\AnsysEM\v222\Win64\view3d.dll" BaseAddress="0x06d30000" Size="0x0019f000" TimeStamp="05/27/2022 01:42:06" FileVersion="2022.2.0.1" ProductVersion="2022.2.0.0"/><Module FullPath="C:\WINDOWS\System32\dwmapi.dll" BaseAddress="0x10860000" Size="0x0002f000" TimeStamp="02/05/2024 19:50:20" FileVersion="6.2.22000.2600" ProductVersion="10.0.22000.2600"/><Module FullPath="C:\WINDOWS\System32\msimg32.dll" BaseAddress="0xe7350000" Size="0x00007000" TimeStamp="06/05/2021 07:05:27" FileVersion="6.2.22000.1" ProductVersion="10.0.22000.1"/><Module FullPath="C:\WINDOWS\System32\msasn1.dll" BaseAddress="0x129a0000" Size="0x00012000" TimeStamp="02/05/2024 19:50:21" FileVersion="6.2.22000.2600" ProductVersion="10.0.22000.2600"/><Module FullPath="C:\WINDOWS\System32\kernel.appcore.dll" BaseAddress="0x12140000" Size="0x00018000" TimeStamp="02/05/2024 19:50:02" FileVersion="6.2.22000.2600" ProductVersion="10.0.22000.2600"/><Module FullPath="C:\WINDOWS\System32\bcryptPrimitives.dll" BaseAddress="0x13920000" Size="0x0007f000" TimeStamp="02/05/2024 19:50:23" FileVersion="6.2.22000.2600" ProductVersion="10.0.22000.2600"/><Module FullPath="C:\WINDOWS\System32\riched32.dll" BaseAddress="0x0e210000" Size="0x00007000" TimeStamp="06/05/2021 07:05:40" FileVersion="6.2.22000.1" ProductVersion="10.0.22000.1"/><Module FullPath="C:\WINDOWS\System32\riched20.dll" BaseAddress="0xc7a70000" Size="0x000a0000" TimeStamp="06/05/2021 07:05:40" FileVersion="5.31.23.1231" ProductVersion="5.0.0.0"/><Module FullPath="C:\WINDOWS\System32\msls31.dll" BaseAddress="0xc7a30000" Size="0x0003a000" TimeStamp="06/05/2021 07:05:40" FileVersion="3.10.349.0" ProductVersion="3.10.0.0"/><Module FullPath="C:\WINDOWS\System32\usp10.dll" BaseAddress="0xcda20000" Size="0x00019000" TimeStamp="06/05/2021 07:05:27" FileVersion="6.2.22000.1" ProductVersion="10.0.22000.1"/><Module FullPath="C:\WINDOWS\System32\windows.storage.dll" BaseAddress="0x11000000" Size="0x00863000" TimeStamp="07/15/2024 10:37:05" FileVersion="6.2.22000.3079" ProductVersion="10.0.22000.3079"/><Module FullPath="C:\WINDOWS\System32\WinTypes.dll" BaseAddress="0x10e60000" Size="0x00167000" TimeStamp="02/05/2024 19:50:21" FileVersion="6.2.22000.2600" ProductVersion="10.0.22000.2600"/><Module FullPath="C:\WINDOWS\System32\profapi.dll" BaseAddress="0x13000000" Size="0x00021000" TimeStamp="04/15/2024 04:37:37" FileVersion="6.2.22000.2899" ProductVersion="10.0.22000.2899"/><Module FullPath="C:\WINDOWS\System32\NapiNSP.dll" BaseAddress="0x09560000" Size="0x00017000" TimeStamp="06/05/2021 07:05:27" FileVersion="6.2.22000.1" ProductVersion="10.0.22000.1"/><Module FullPath="C:\WINDOWS\System32\pnrpnsp.dll" BaseAddress="0x095c0000" Size="0x0001b000" TimeStamp="06/05/2021 07:06:16" FileVersion="6.2.22000.1" ProductVersion="10.0.22000.1"/><Module FullPath="C:\WINDOWS\System32\dnsapi.dll" BaseAddress="0x119c0000" Size="0x000e7000" TimeStamp="05/20/2024 04:03:11" FileVersion="6.2.22000.2960" ProductVersion="10.0.22000.2960"/><Module FullPath="C:\WINDOWS\System32\nsi.dll" BaseAddress="0x15600000" Size="0x00009000" TimeStamp="06/05/2021 07:05:25" FileVersion="6.2.22000.1" ProductVersion="10.0.22000.1"/><Module FullPath="C:\WINDOWS\System32\winrnr.dll" BaseAddress="0x095e0000" Size="0x00012000" TimeStamp="06/05/2021 07:05:29" FileVersion="6.2.22000.1" ProductVersion="10.0.22000.1"/><Module FullPath="C:\WINDOWS\System32\wshbth.dll" BaseAddress="0x09640000" Size="0x00015000" TimeStamp="02/05/2024 19:50:10" FileVersion="6.2.22000.2600" ProductVersion="10.0.22000.2600"/><Module FullPath="C:\WINDOWS\System32\nlansp_c.dll" BaseAddress="0x09600000" Size="0x0001f000" TimeStamp="02/05/2024 19:50:39" FileVersion="6.2.22000.2600" ProductVersion="10.0.22000.2600"/><Module FullPath="C:\Program Files\AnsysEM\v222\Win64\featuremgr.DLL" BaseAddress="0xfc8c0000" Size="0x0004a000" TimeStamp="05/27/2022 01:38:52" FileVersion="0.0.0.0" ProductVersion="0.0.0.0"/><Module FullPath="C:\WINDOWS\System32\dhcpcsvc6.DLL" BaseAddress="0x0d7d0000" Size="0x00019000" TimeStamp="02/05/2024 19:50:20" FileVersion="6.2.22000.2600" ProductVersion="10.0.22000.2600"/><Module FullPath="C:\WINDOWS\System32\FWPUCLNT.DLL" BaseAddress="0x0d840000" Size="0x00081000" TimeStamp="03/18/2024 05:48:08" FileVersion="6.2.22000.2836" ProductVersion="10.0.22000.2836"/><Module FullPath="C:\WINDOWS\System32\rasadhlp.dll" BaseAddress="0x0bba0000" Size="0x0000a000" TimeStamp="06/05/2021 07:05:40" FileVersion="6.2.22000.1" ProductVersion="10.0.22000.1"/><Module FullPath="C:\WINDOWS\Microsoft.NET\Framework64\v4.0.30319\mscoreei.dll" BaseAddress="0x04da0000" Size="0x000aa000" TimeStamp="11/04/2021 09:12:49" FileVersion="4.8.4341.0" ProductVersion="4.0.30319.0"/><Module FullPath="C:\WINDOWS\Microsoft.NET\Framework64\v4.0.30319\clr.dll" BaseAddress="0x03b80000" Size="0x00b34000" TimeStamp="06/01/2024 00:18:47" FileVersion="4.8.4739.0" ProductVersion="4.0.30319.0"/><Module FullPath="C:\WINDOWS\System32\VCRUNTIME140_CLR0400.dll" BaseAddress="0x09320000" Size="0x00016000" TimeStamp="06/05/2021 07:06:54" FileVersion="14.10.25028.0" ProductVersion="14.10.25028.0"/><Module FullPath="C:\WINDOWS\System32\ucrtbase_clr0400.dll" BaseAddress="0x03ac0000" Size="0x000bd000" TimeStamp="06/05/2021 07:06:52" FileVersion="14.10.25028.0" ProductVersion="14.10.25028.0"/><Module FullPath="C:\WINDOWS\assembly\NativeImages_v4.0.30319_64\mscorlib\042b4bad2d9af764c9647e7374d4a979\mscorlib.ni.dll" BaseAddress="0xfdd60000" Size="0x0165a000" TimeStamp="06/01/2024 01:01:25" FileVersion="4.8.4739.0" ProductVersion="4.0.30319.0"/><Module FullPath="C:\WINDOWS\Microsoft.NET\Framework64\v4.0.30319\clrjit.dll" BaseAddress="0xfa990000" Size="0x0014f000" TimeStamp="06/01/2024 00:18:47" FileVersion="4.8.4739.0" ProductVersion="4.0.30319.0"/><Module FullPath="C:\Program Files\AnsysEM\v222\Win64\AnsoftCOMSchedulerPluginDll.dll" BaseAddress="0x08ac0000" Size="0x00011000" TimeStamp="05/27/2022 01:37:00" FileVersion="0.0.0.0" ProductVersion="0.0.0.0"/><Module FullPath="C:\WINDOWS\System32\CRYPTBASE.DLL" BaseAddress="0x12960000" Size="0x0000c000" TimeStamp="06/05/2021 07:05:25" FileVersion="6.2.22000.1" ProductVersion="10.0.22000.1"/><Module FullPath="C:\Program Files\AnsysEM\v222\Win64\networkdataexplorer.DLL" BaseAddress="0x08d00000" Size="0x00542000" TimeStamp="05/27/2022 01:40:12" FileVersion="2022.2.0.1" ProductVersion="2022.2.0.0"/><Module FullPath="C:\Program Files\AnsysEM\v222\Win64\standalone_state_space_fitter.dll" BaseAddress="0xb5100000" Size="0x002cb000" TimeStamp="05/27/2022 01:41:40" FileVersion="0.0.0.0" ProductVersion="0.0.0.0"/><Module FullPath="C:\Program Files\AnsysEM\v222\Win64\apdlinks.dll" BaseAddress="0x09260000" Size="0x0075b000" TimeStamp="05/27/2022 01:37:22" FileVersion="0.0.0.0" ProductVersion="0.0.0.0"/><Module FullPath="C:\Program Files\AnsysEM\v222\Win64\ExternalLinkBase.dll" BaseAddress="0x22e10000" Size="0x0029a000" TimeStamp="05/27/2022 01:38:48" FileVersion="1.0.0.1" ProductVersion="1.0.0.1"/><Module FullPath="C:\WINDOWS\System32\msctf.dll" BaseAddress="0x14680000" Size="0x0011d000" TimeStamp="07/15/2024 10:37:05" FileVersion="6.2.22000.3079" ProductVersion="10.0.22000.3079"/><Module FullPath="C:\WINDOWS\System32\textinputframework.dll" BaseAddress="0xea2f0000" Size="0x0012c000" TimeStamp="02/05/2024 19:50:00" FileVersion="6.2.22000.2600" ProductVersion="10.0.22000.2600"/><Module FullPath="C:\WINDOWS\System32\clbcatq.dll" BaseAddress="0x15610000" Size="0x000af000" TimeStamp="02/05/2024 19:50:19" FileVersion="2001.12.10941.16384" ProductVersion="10.0.22000.2600"/><Module FullPath="C:\WINDOWS\System32\TextShaping.dll" BaseAddress="0xeae90000" Size="0x000ae000" TimeStamp="02/05/2024 19:49:58" FileVersion="0.0.0.0" ProductVersion="0.0.0.0"/><Module FullPath="C:\WINDOWS\System32\dataexchange.dll" BaseAddress="0xdab80000" Size="0x0005d000" TimeStamp="06/05/2021 07:05:02" FileVersion="6.2.22000.1" ProductVersion="10.0.22000.1"/><Module FullPath="C:\WINDOWS\System32\twinapi.appcore.dll" BaseAddress="0x0b310000" Size="0x00266000" TimeStamp="03/18/2024 05:48:08" FileVersion="6.2.22000.2836" ProductVersion="10.0.22000.2836"/><Module FullPath="C:\WINDOWS\System32\WindowsCodecs.dll" BaseAddress="0x10350000" Size="0x001b0000" TimeStamp="07/15/2024 10:37:04" FileVersion="6.2.22000.3079" ProductVersion="10.0.22000.3079"/><Module FullPath="C:\Program Files\AnsysEM\v222\Win64\optimetrics.DLL" BaseAddress="0x26f40000" Size="0x00390000" TimeStamp="05/27/2022 01:40:18" FileVersion="2022.2.0.1" ProductVersion="2022.2.0.0"/><Module FullPath="C:\Program Files\AnsysEM\v222\Win64\DXLibWrapper.dll" BaseAddress="0xfc6d0000" Size="0x00052000" TimeStamp="01/18/2022 20:23:26" FileVersion="0.0.0.0" ProductVersion="0.0.0.0"/><Module FullPath="C:\Program Files\AnsysEM\v222\Win64\DXCoreDll.dll" BaseAddress="0x272f0000" Size="0x00288000" TimeStamp="01/18/2022 20:23:26" FileVersion="22.2.0.37809" ProductVersion="22.2.0.0"/><Module FullPath="C:\Program Files\AnsysEM\v222\Win64\libmmd.dll" BaseAddress="0xb4840000" Size="0x00446000" TimeStamp="08/15/2019 09:47:50" FileVersion="19.0.0.0" ProductVersion="19.0.0.0"/><Module FullPath="C:\Program Files\AnsysEM\v222\Win64\libifcoremd.dll" BaseAddress="0xf84e0000" Size="0x001c1000" TimeStamp="08/15/2019 09:47:50" FileVersion="19.0.1.0" ProductVersion="19.0.1.0"/><Module FullPath="C:\Program Files\AnsysEM\v222\Win64\mkl_rt.dll" BaseAddress="0x8b000000" Size="0x00d26000" TimeStamp="07/20/2017 11:53:58" FileVersion="2018.0.0.1" ProductVersion="0.0.0.0"/><Module FullPath="C:\WINDOWS\System32\imagehlp.dll" BaseAddress="0x150e0000" Size="0x0001f000" TimeStamp="06/05/2021 07:05:25" FileVersion="6.2.22000.1" ProductVersion="10.0.22000.1"/><Module FullPath="C:\Program Files\AnsysEM\v222\Win64\DXCoreConfig.dll" BaseAddress="0x27590000" Size="0x00009000" TimeStamp="01/18/2022 20:23:26" FileVersion="22.2.0.37809" ProductVersion="22.2.0.0"/><Module FullPath="C:\Program Files\AnsysEM\v222\Win64\DXROM.dll" BaseAddress="0x275b0000" Size="0x00077000" TimeStamp="01/18/2022 20:23:26" FileVersion="22.2.0.37809" ProductVersion="22.2.0.0"/><Module FullPath="C:\Program Files\AnsysEM\v222\Win64\DXCadoe.dll" BaseAddress="0x27630000" Size="0x00643000" TimeStamp="01/18/2022 20:23:26" FileVersion="22.2.0.37809" ProductVersion="22.2.0.0"/><Module FullPath="C:\Program Files\AnsysEM\v222\Win64\hfsslib.dll" BaseAddress="0x27f40000" Size="0x025b3000" TimeStamp="05/27/2022 01:39:18" FileVersion="2022.2.0.1" ProductVersion="2022.2.0.0"/><Module FullPath="C:\Program Files\AnsysEM\v222\Win64\materialmodeler.dll" BaseAddress="0xfd290000" Size="0x00014000" TimeStamp="05/27/2022 01:39:44" FileVersion="0.0.0.0" ProductVersion="0.0.0.0"/><Module FullPath="C:\Program Files\AnsysEM\v222\Win64\qd.dll" BaseAddress="0xf9510000" Size="0x00067000" TimeStamp="02/18/2015 18:12:46" FileVersion="0.0.0.0" ProductVersion="0.0.0.0"/><Module FullPath="C:\Program Files\AnsysEM\v222\Win64\DSOManager.dll" BaseAddress="0x2a500000" Size="0x000e2000" TimeStamp="05/27/2022 01:38:26" FileVersion="2022.2.0.1" ProductVersion="2022.2.0.0"/><Module FullPath="C:\Program Files\AnsysEM\v222\Win64\em_moduledll.dll" BaseAddress="0x2a5f0000" Size="0x00e63000" TimeStamp="05/27/2022 01:38:40" FileVersion="2022.2.0.1" ProductVersion="2022.2.0.0"/><Module FullPath="C:\Program Files\AnsysEM\v222\Win64\datalinkdll.dll" BaseAddress="0x27e50000" Size="0x0005a000" TimeStamp="05/27/2022 01:38:10" FileVersion="2022.2.0.1" ProductVersion="2022.2.0.0"/><Module FullPath="C:\Program Files\AnsysEM\v222\Win64\empostdll.dll" BaseAddress="0x2b460000" Size="0x00415000" TimeStamp="05/27/2022 01:38:40" FileVersion="2022.2.0.1" ProductVersion="2022.2.0.0"/><Module FullPath="C:\Program Files\AnsysEM\v222\Win64\FieldsCalculatorUI.dll" BaseAddress="0x2b880000" Size="0x004be000" TimeStamp="05/27/2022 01:38:54" FileVersion="2022.2.0.1" ProductVersion="2022.2.0.0"/><Module FullPath="C:\Program Files\AnsysEM\v222\Win64\hfssbase.dll" BaseAddress="0x2bd40000" Size="0x00548000" TimeStamp="05/27/2022 01:39:16" FileVersion="2022.2.0.1" ProductVersion="2022.2.0.0"/><Module FullPath="C:\Program Files\AnsysEM\v222\Win64\HFProductBase.dll" BaseAddress="0x2c290000" Size="0x007f8000" TimeStamp="05/27/2022 01:39:14" FileVersion="2022.2.0.1" ProductVersion="2022.2.0.0"/><Module FullPath="C:\Program Files\AnsysEM\v222\Win64\SweepRange.dll" BaseAddress="0x27ed0000" Size="0x0002b000" TimeStamp="05/27/2022 01:41:42" FileVersion="0.0.0.0" ProductVersion="0.0.0.0"/><Module FullPath="C:\Program Files\AnsysEM\v222\Win64\UserDefinedDocuments.dll" BaseAddress="0xf81e0000" Size="0x000e5000" TimeStamp="05/27/2022 01:42:00" FileVersion="0.0.0.0" ProductVersion="0.0.0.0"/><Module FullPath="C:\Program Files\AnsysEM\v222\Win64\tbbmalloc.dll" BaseAddress="0xfc3c0000" Size="0x00044000" TimeStamp="12/06/2017 16:52:46" FileVersion="2018.0.2017.1205" ProductVersion="2018.0.2017.1205"/><Module FullPath="C:\Program Files\AnsysEM\v222\Win64\reportsetup.DLL" BaseAddress="0x2eda0000" Size="0x00183000" TimeStamp="05/27/2022 01:40:52" FileVersion="2022.2.0.1" ProductVersion="2022.2.0.0"/><Module FullPath="C:\Program Files\AnsysEM\v222\Win64\reportsetupui.DLL" BaseAddress="0x2ef50000" Size="0x00129000" TimeStamp="05/27/2022 01:40:52" FileVersion="2022.2.0.1" ProductVersion="2022.2.0.0"/><Module FullPath="C:\Program Files\AnsysEM\v222\Win64\meshsetup.DLL" BaseAddress="0x2f090000" Size="0x002a5000" TimeStamp="05/27/2022 01:40:02" FileVersion="2022.2.0.1" ProductVersion="2022.2.0.0"/><Module FullPath="C:\Program Files\AnsysEM\v222\Win64\fieldspostprocessor.DLL" BaseAddress="0x2f370000" Size="0x0039b000" TimeStamp="05/27/2022 01:38:56" FileVersion="2022.2.0.1" ProductVersion="2022.2.0.0"/><Module FullPath="C:\Program Files\AnsysEM\v222\Win64\plot3d.dll" BaseAddress="0x2f720000" Size="0x0008b000" TimeStamp="05/27/2022 01:40:24" FileVersion="2022.2.0.1" ProductVersion="2022.2.0.0"/><Module FullPath="C:\Program Files\AnsysEM\v222\Win64\radfield.dll" BaseAddress="0x2f7c0000" Size="0x00412000" TimeStamp="05/27/2022 01:40:44" FileVersion="2022.2.0.1" ProductVersion="2022.2.0.0"/><Module FullPath="C:\Program Files\AnsysEM\v222\Win64\ensemble.dll" BaseAddress="0x2fc10000" Size="0x026da000" TimeStamp="05/27/2022 01:38:42" FileVersion="2022.2.0.1" ProductVersion="2022.2.0.0"/><Module FullPath="C:\Program Files\AnsysEM\v222\Win64\CustomSimSetupBase.dll" BaseAddress="0xe4330000" Size="0x000db000" TimeStamp="05/27/2022 01:38:10" FileVersion="0.0.0.0" ProductVersion="0.0.0.0"/><Module FullPath="C:\Program Files\AnsysEM\v222\Win64\tbb.dll" BaseAddress="0xfb330000" Size="0x00045000" TimeStamp="12/06/2017 16:52:46" FileVersion="2018.0.2017.1205" ProductVersion="2018.0.2017.1205"/><Module FullPath="C:\Program Files\AnsysEM\v222\Win64\LayoutFieldsUI.dll" BaseAddress="0x32310000" Size="0x001de000" TimeStamp="05/27/2022 01:39:34" FileVersion="0.0.0.0" ProductVersion="0.0.0.0"/><Module FullPath="C:\Program Files\AnsysEM\v222\Win64\HierarchyProductBase.dll" BaseAddress="0x32500000" Size="0x00795000" TimeStamp="05/27/2022 01:39:22" FileVersion="2022.2.0.1" ProductVersion="2022.2.0.0"/><Module FullPath="C:\Program Files\AnsysEM\v222\Win64\designmanager.DLL" BaseAddress="0x32cb0000" Size="0x00256000" TimeStamp="05/27/2022 01:38:14" FileVersion="2022.2.0.1" ProductVersion="2022.2.0.0"/><Module FullPath="C:\Program Files\AnsysEM\v222\Win64\Q3D.dll" BaseAddress="0x32f80000" Size="0x012e3000" TimeStamp="05/27/2022 01:40:38" FileVersion="2022.2.0.1" ProductVersion="2022.2.0.0"/><Module FullPath="C:\Program Files\AnsysEM\v222\Win64\reducematrixui.dll" BaseAddress="0xe8390000" Size="0x00073000" TimeStamp="05/27/2022 01:40:46" FileVersion="0.0.0.0" ProductVersion="0.0.0.0"/><Module FullPath="C:\Program Files\AnsysEM\v222\Win64\SpicelinkBase.dll" BaseAddress="0x34290000" Size="0x0043b000" TimeStamp="05/27/2022 01:41:36" FileVersion="2022.2.0.1" ProductVersion="2022.2.0.0"/><Module FullPath="C:\Program Files\AnsysEM\v222\Win64\Extractor2D.DLL" BaseAddress="0x35710000" Size="0x0130f000" TimeStamp="05/27/2022 01:38:50" FileVersion="2022.2.0.1" ProductVersion="2022.2.0.0"/><Module FullPath="C:\Program Files\AnsysEM\v222\Win64\altrasim.dll" BaseAddress="0x36b30000" Size="0x01edb000" TimeStamp="05/27/2022 01:36:50" FileVersion="2022.2.0.1" ProductVersion="2022.2.0.0"/><Module FullPath="C:\Program Files\AnsysEM\v222\Win64\svml_dispmd.dll" BaseAddress="0x84990000" Size="0x01203000" TimeStamp="08/15/2019 09:47:50" FileVersion="19.0.0.0" ProductVersion="19.0.0.0"/><Module FullPath="C:\Program Files\AnsysEM\v222\Win64\altrasimnetlist.DLL" BaseAddress="0x38ab0000" Size="0x00f75000" TimeStamp="05/27/2022 01:36:52" FileVersion="2022.2.0.1" ProductVersion="2022.2.0.0"/><Module FullPath="C:\Program Files\AnsysEM\v222\Win64\Emit.dll" BaseAddress="0x39a50000" Size="0x0033b000" TimeStamp="05/27/2022 01:38:38" FileVersion="1.0.0.1" ProductVersion="1.0.0.1"/><Module FullPath="C:\Program Files\AnsysEM\v222\Win64\MaxwellLib.DLL" BaseAddress="0x39da0000" Size="0x01126000" TimeStamp="05/27/2022 01:39:54" FileVersion="2022.2.0.1" ProductVersion="2022.2.0.0"/><Module FullPath="C:\Program Files\AnsysEM\v222\Win64\MaxwellBase.dll" BaseAddress="0x3aee0000" Size="0x00c92000" TimeStamp="05/27/2022 01:39:52" FileVersion="0.0.0.0" ProductVersion="0.0.0.0"/><Module FullPath="C:\Program Files\AnsysEM\v222\Win64\Maxwell2DLib.DLL" BaseAddress="0x3cc50000" Size="0x00a57000" TimeStamp="05/27/2022 01:39:50" FileVersion="2022.2.0.1" ProductVersion="2022.2.0.0"/><Module FullPath="C:\Program Files\AnsysEM\v222\Win64\RMxprtLib.DLL" BaseAddress="0x3d840000" Size="0x00a44000" TimeStamp="05/27/2022 01:40:54" FileVersion="2022.2.0.1" ProductVersion="2022.2.0.0"/><Module FullPath="C:\Program Files\AnsysEM\v222\Win64\MaxCirLib.DLL" BaseAddress="0x3e350000" Size="0x0010d000" TimeStamp="05/27/2022 01:39:50" FileVersion="2022.2.0.1" ProductVersion="2022.2.0.0"/><Module FullPath="C:\Program Files\AnsysEM\v222\Win64\SimplorerLib.DLL" BaseAddress="0x3e500000" Size="0x00cb8000" TimeStamp="05/27/2022 01:41:12" FileVersion="2022.2.0.1" ProductVersion="2022.2.0.0"/><Module FullPath="C:\Program Files\AnsysEM\v222\Win64\AnsysCorbaDriver.dll" BaseAddress="0x3f1d0000" Size="0x0005e000" TimeStamp="05/27/2022 01:37:18" FileVersion="0.0.0.0" ProductVersion="0.0.0.0"/><Module FullPath="C:\Program Files\AnsysEM\v222\Win64\ComponentDialogs.dll" BaseAddress="0x3f240000" Size="0x00461000" TimeStamp="05/27/2022 01:38:04" FileVersion="2022.2.0.34" ProductVersion="2022.2.0.0"/><Module FullPath="C:\Program Files\AnsysEM\v222\Win64\DeviceCharacterization.dll" BaseAddress="0x3f6b0000" Size="0x00c5a000" TimeStamp="05/27/2022 01:38:20" FileVersion="2022.2.0.275" ProductVersion="2022.2.0.0"/><Module FullPath="C:\Program Files\AnsysEM\v222\Win64\CompDlgWizard.dll" BaseAddress="0x40310000" Size="0x00172000" TimeStamp="05/27/2022 01:38:04" FileVersion="2022.2.0.1" ProductVersion="2022.2.0.0"/><Module FullPath="C:\Program Files\AnsysEM\v222\Win64\simplorercoupling.dll" BaseAddress="0x40490000" Size="0x007a2000" TimeStamp="05/27/2022 01:41:10" FileVersion="2022.2.0.1" ProductVersion="2022.2.0.0"/><Module FullPath="C:\Program Files\AnsysEM\v222\Win64\TAO.dll" BaseAddress="0xe4130000" Size="0x00153000" TimeStamp="02/20/2018 20:37:12" FileVersion="2.4.6.0" ProductVersion="2.4.6.0"/><Module FullPath="C:\Program Files\AnsysEM\v222\Win64\ACE.dll" BaseAddress="0xd5950000" Size="0x0017b000" TimeStamp="02/20/2018 19:47:52" FileVersion="6.4.6.0" ProductVersion="6.4.6.0"/><Module FullPath="C:\Program Files\AnsysEM\v222\Win64\TAO_AnyTypeCode.dll" BaseAddress="0xe39e0000" Size="0x00090000" TimeStamp="02/20/2018 20:39:16" FileVersion="2.4.6.0" ProductVersion="2.4.6.0"/><Module FullPath="C:\Program Files\AnsysEM\v222\Win64\ExtSimTCPIPComm.dll" BaseAddress="0x40cb0000" Size="0x0009d000" TimeStamp="05/27/2022 01:38:52" FileVersion="2022.2.0.1" ProductVersion="2022.2.0.0"/><Module FullPath="C:\Program Files\AnsysEM\v222\Win64\IcepakLib.DLL" BaseAddress="0x40e00000" Size="0x01f81000" TimeStamp="05/27/2022 01:39:26" FileVersion="2022.2.0.1" ProductVersion="2022.2.0.0"/><Module FullPath="C:\Program Files\AnsysEM\v222\Win64\FluentPostDll.dll" BaseAddress="0xd16d0000" Size="0x00156000" TimeStamp="05/27/2022 01:38:58" FileVersion="0.0.0.0" ProductVersion="0.0.0.0"/><Module FullPath="C:\Program Files\AnsysEM\v222\Win64\MechanicalLib.DLL" BaseAddress="0x43dd0000" Size="0x00ed6000" TimeStamp="05/27/2022 01:40:00" FileVersion="2022.2.0.1" ProductVersion="2022.2.0.0"/><Module FullPath="C:\Program Files\AnsysEM\v222\Win64\filterdesign.DLL" BaseAddress="0x44d00000" Size="0x003b6000" TimeStamp="05/27/2022 01:38:56" FileVersion="0.0.0.0" ProductVersion="0.0.0.0"/><Module FullPath="C:\Program Files\AnsysEM\v222\Win64\report2d.dll" BaseAddress="0x450d0000" Size="0x000f5000" TimeStamp="05/27/2022 01:40:48" FileVersion="2022.2.0.1" ProductVersion="2022.2.0.0"/><Module FullPath="C:\Program Files\AnsysEM\v222\Win64\report3d.dll" BaseAddress="0x451e0000" Size="0x00057000" TimeStamp="05/27/2022 01:40:50" FileVersion="2022.2.0.1" ProductVersion="2022.2.0.0"/><Module FullPath="C:\Program Files\AnsysEM\v222\Win64\GraphicalPlot.DLL" BaseAddress="0xe3950000" Size="0x00084000" TimeStamp="05/27/2022 01:39:08" FileVersion="0.0.0.0" ProductVersion="0.0.0.0"/><Module FullPath="C:\Program Files\AnsysEM\v222\Win64\schematic.DLL" BaseAddress="0x45260000" Size="0x00dea000" TimeStamp="05/27/2022 01:40:58" FileVersion="2022.2.0.1" ProductVersion="2022.2.0.0"/><Module FullPath="C:\Program Files\AnsysEM\v222\Win64\netlist.dll" BaseAddress="0x46070000" Size="0x000c8000" TimeStamp="05/27/2022 01:40:12" FileVersion="2022.2.0.1" ProductVersion="2022.2.0.0"/><Module FullPath="C:\Program Files\AnsysEM\v222\Win64\layout.dll" BaseAddress="0x46150000" Size="0x02054000" TimeStamp="05/27/2022 01:39:34" FileVersion="0.0.0.0" ProductVersion="0.0.0.0"/><Module FullPath="C:\WINDOWS\System32\wsock32.dll" BaseAddress="0x022e0000" Size="0x00009000" TimeStamp="06/05/2021 07:05:27" FileVersion="6.2.22000.1" ProductVersion="10.0.22000.1"/><Module FullPath="C:\Program Files\AnsysEM\v222\Win64\TD_Alloc_4.02_14.dll" BaseAddress="0x0b870000" Size="0x00008000" TimeStamp="12/21/2016 11:49:36" FileVersion="4.2.2.0" ProductVersion="4.2.2.0"/><Module FullPath="C:\WINDOWS\System32\urlmon.dll" BaseAddress="0x0bee0000" Size="0x001ef000" TimeStamp="06/17/2024 15:39:20" FileVersion="11.0.22000.3019" ProductVersion="11.0.22000.3019"/><Module FullPath="C:\Program Files\AnsysEM\v222\Win64\TD_Db_4.02_14.dll" BaseAddress="0x85fd0000" Size="0x00c73000" TimeStamp="12/21/2016 11:49:46" FileVersion="4.2.2.0" ProductVersion="4.2.2.0"/><Module FullPath="C:\Program Files\AnsysEM\v222\Win64\TD_Root_4.02_14.dll" BaseAddress="0xdacc0000" Size="0x000e6000" TimeStamp="12/21/2016 11:50:40" FileVersion="4.2.2.0" ProductVersion="4.2.2.0"/><Module FullPath="C:\Program Files\AnsysEM\v222\Win64\TD_Ge_4.02_14.dll" BaseAddress="0xcb6f0000" Size="0x00184000" TimeStamp="12/21/2016 11:50:14" FileVersion="4.2.2.0" ProductVersion="4.2.2.0"/><Module FullPath="C:\Program Files\AnsysEM\v222\Win64\TD_DbRoot_4.02_14.dll" BaseAddress="0xe2a80000" Size="0x00088000" TimeStamp="12/21/2016 11:49:46" FileVersion="4.2.2.0" ProductVersion="4.2.2.0"/><Module FullPath="C:\WINDOWS\System32\iertutil.dll" BaseAddress="0x0bc20000" Size="0x002c0000" TimeStamp="07/15/2024 10:37:09" FileVersion="11.0.22000.3079" ProductVersion="11.0.22000.3079"/><Module FullPath="C:\WINDOWS\System32\srvcli.dll" BaseAddress="0x11bf0000" Size="0x00028000" TimeStamp="06/17/2024 15:39:17" FileVersion="6.2.22000.3019" ProductVersion="10.0.22000.3019"/><Module FullPath="C:\WINDOWS\System32\netutils.dll" BaseAddress="0x11c20000" Size="0x0000c000" TimeStamp="02/05/2024 19:50:21" FileVersion="6.2.22000.2600" ProductVersion="10.0.22000.2600"/><Module FullPath="C:\Program Files\AnsysEM\v222\Win64\sisl.dll" BaseAddress="0xceef0000" Size="0x0011b000" TimeStamp="12/21/2016 11:49:28" FileVersion="4.2.2.0" ProductVersion="4.2.2.0"/><Module FullPath="C:\Program Files\AnsysEM\v222\Win64\TD_Gi_4.02_14.dll" BaseAddress="0xa8370000" Size="0x001dc000" TimeStamp="12/21/2016 11:50:16" FileVersion="4.2.2.0" ProductVersion="4.2.2.0"/><Module FullPath="C:\Program Files\AnsysEM\v222\Win64\TD_SpatialIndex_4.02_14.dll" BaseAddress="0xff450000" Size="0x00010000" TimeStamp="12/21/2016 11:50:42" FileVersion="4.2.2.0" ProductVersion="4.2.2.0"/><Module FullPath="C:\Program Files\AnsysEM\v222\Win64\LayoutUI.dll" BaseAddress="0x481c0000" Size="0x011fa000" TimeStamp="05/27/2022 01:39:38" FileVersion="2022.2.0.1" ProductVersion="2022.2.0.0"/><Module FullPath="C:\Program Files\AnsysEM\v222\Win64\PadstackEditor.dll" BaseAddress="0x493d0000" Size="0x002d0000" TimeStamp="05/27/2022 01:40:20" FileVersion="0.0.0.0" ProductVersion="0.0.0.0"/><Module FullPath="C:\Program Files\AnsysEM\v222\Win64\LayoutGeometry3D.DLL" BaseAddress="0x89790000" Size="0x006db000" TimeStamp="05/27/2022 01:39:36" FileVersion="0.0.0.0" ProductVersion="0.0.0.0"/><Module FullPath="C:\Program Files\AnsysEM\v222\Win64\Q3DPreProcDLL.dll" BaseAddress="0xa7ec0000" Size="0x004ad000" TimeStamp="05/27/2022 01:40:40" FileVersion="0.0.0.0" ProductVersion="0.0.0.0"/><Module FullPath="C:\Program Files\AnsysEM\v222\Win64\boost_iostreams-vc142-mt-x64-1_71.dll" BaseAddress="0xfcb20000" Size="0x00011000" TimeStamp="01/21/2022 01:05:32" FileVersion="0.0.0.0" ProductVersion="0.0.0.0"/><Module FullPath="C:\Program Files\AnsysEM\v222\Win64\cmodeleditor.DLL" BaseAddress="0x497d0000" Size="0x0011d000" TimeStamp="05/27/2022 01:38:02" FileVersion="2022.2.0.1" ProductVersion="2022.2.0.0"/><Module FullPath="C:\Program Files\AnsysEM\v222\Win64\geometry3d.DLL" BaseAddress="0x49990000" Size="0x02acd000" TimeStamp="05/27/2022 01:39:06" FileVersion="2022.2.0.1" ProductVersion="2022.2.0.0"/><Module FullPath="C:\Program Files\AnsysEM\v222\Win64\Machine.dll" BaseAddress="0x4c470000" Size="0x01cea000" TimeStamp="05/27/2022 01:39:42" FileVersion="2022.2.0.1" ProductVersion="2022.2.0.0"/><Module FullPath="C:\Program Files\AnsysEM\v222\Win64\SmlModelEditor.DLL" BaseAddress="0x4e210000" Size="0x00065000" TimeStamp="05/27/2022 01:41:28" FileVersion="2022.2.0.1" ProductVersion="2022.2.0.0"/><Module FullPath="C:\Program Files\AnsysEM\v222\Win64\SpiceModelEditor.DLL" BaseAddress="0x4e320000" Size="0x00063000" TimeStamp="05/27/2022 01:41:36" FileVersion="2022.2.0.1" ProductVersion="2022.2.0.0"/><Module FullPath="C:\Program Files\AnsysEM\v222\Win64\VhdlModelEditor.DLL" BaseAddress="0x4e430000" Size="0x000c4000" TimeStamp="05/27/2022 01:42:02" FileVersion="2022.2.0.1" ProductVersion="2022.2.0.0"/><Module FullPath="C:\Program Files\AnsysEM\v222\Win64\VhdlPackageEditor.DLL" BaseAddress="0x4f570000" Size="0x0005d000" TimeStamp="05/27/2022 01:42:04" FileVersion="2022.2.0.1" ProductVersion="2022.2.0.0"/><Module FullPath="C:\Program Files\AnsysEM\v222\Win64\ModelicaModelEditor.DLL" BaseAddress="0x4f670000" Size="0x001eb000" TimeStamp="05/27/2022 01:40:08" FileVersion="2022.2.0.1" ProductVersion="2022.2.0.0"/><Module FullPath="C:\Program Files\AnsysEM\v222\Win64\FMUModelEditor.DLL" BaseAddress="0x4f900000" Size="0x00087000" TimeStamp="05/27/2022 01:39:00" FileVersion="2022.2.0.4" ProductVersion="2022.2.0.0"/><Module FullPath="C:\Program Files\AnsysEM\v222\Win64\ICEditor.dll" BaseAddress="0x4fa30000" Size="0x008b1000" TimeStamp="05/27/2022 01:39:24" FileVersion="1.0.0.1" ProductVersion="1.0.0.1"/><Module FullPath="C:\Program Files\AnsysEM\v222\Win64\EDBEditorUtils.dll" BaseAddress="0x50300000" Size="0x00ac3000" TimeStamp="05/27/2022 01:38:32" FileVersion="0.0.0.0" ProductVersion="0.0.0.0"/><Module FullPath="C:\Program Files\AnsysEM\v222\Win64\EDBKern.dll" BaseAddress="0x50de0000" Size="0x016c5000" TimeStamp="05/27/2022 01:38:34" FileVersion="0.0.0.0" ProductVersion="0.0.0.0"/><Module FullPath="C:\Program Files\AnsysEM\v222\Win64\circuitmanager.DLL" BaseAddress="0x524c0000" Size="0x009ec000" TimeStamp="05/27/2022 01:37:58" FileVersion="2022.2.0.1" ProductVersion="2022.2.0.0"/><Module FullPath="C:\Program Files\AnsysEM\v222\Win64\circuitdefinitionmgr.dll" BaseAddress="0x52ec0000" Size="0x00630000" TimeStamp="05/27/2022 01:37:58" FileVersion="0.0.0.0" ProductVersion="0.0.0.0"/><Module FullPath="C:\Program Files\AnsysEM\v222\Win64\controls.ocx" BaseAddress="0x53500000" Size="0x00071000" TimeStamp="05/27/2022 01:38:08" FileVersion="2022.2.0.1" ProductVersion="2022.2.0.0"/><Module FullPath="C:\WINDOWS\System32\cryptsp.dll" BaseAddress="0x12940000" Size="0x00018000" TimeStamp="06/05/2021 07:05:23" FileVersion="6.2.22000.1" ProductVersion="10.0.22000.1"/><Module FullPath="C:\WINDOWS\System32\rsaenh.dll" BaseAddress="0x120a0000" Size="0x00035000" TimeStamp="02/05/2024 19:50:21" FileVersion="6.2.22000.2600" ProductVersion="10.0.22000.2600"/><Module FullPath="C:\WINDOWS\assembly\NativeImages_v4.0.30319_64\System\e1829eaf86b76b39163e3471f7d6ac20\System.ni.dll" BaseAddress="0xf71b0000" Size="0x00c74000" TimeStamp="07/15/2024 10:41:23" FileVersion="4.8.4718.0" ProductVersion="4.0.30319.0"/><Module FullPath="C:\WINDOWS\assembly\NativeImages_v4.0.30319_64\System.Drawing\35c5570ee2a0f8b01e42d224090fb16b\System.Drawing.ni.dll" BaseAddress="0xd93d0000" Size="0x001f5000" TimeStamp="07/15/2024 10:41:50" FileVersion="4.8.4395.0" ProductVersion="4.0.30319.0"/><Module FullPath="C:\WINDOWS\assembly\NativeImages_v4.0.30319_64\System.Windows.Forms\d0b29994d2da356c21e92262d792c832\System.Windows.Forms.ni.dll" BaseAddress="0xcc270000" Size="0x010b5000" TimeStamp="07/15/2024 10:42:08" FileVersion="4.8.4739.0" ProductVersion="4.0.30319.0"/><Module FullPath="C:\WINDOWS\assembly\NativeImages_v4.0.30319_64\System.Core\75e222c481f008afb5d2c98cb679d002\System.Core.ni.dll" BaseAddress="0xf5930000" Size="0x00a74000" TimeStamp="07/15/2024 10:41:27" FileVersion="4.8.4729.0" ProductVersion="4.0.30319.0"/><Module FullPath="C:\WINDOWS\System32\CoreMessaging.dll" BaseAddress="0x0fe20000" Size="0x00132000" TimeStamp="03/18/2024 05:48:12" FileVersion="6.2.22000.2777" ProductVersion="10.0.22000.2777"/><Module FullPath="C:\WINDOWS\System32\CoreUIComponents.dll" BaseAddress="0x0da10000" Size="0x0036d000" TimeStamp="02/05/2024 19:49:56" FileVersion="6.2.22000.2600" ProductVersion="10.0.22000.2600"/><Module FullPath="C:\Program Files\AnsysEM\v222\Win64\SimplorerCompEngine.DLL" BaseAddress="0x251b0000" Size="0x00588000" TimeStamp="05/27/2022 01:41:10" FileVersion="2022.2.0.225" ProductVersion="2022.2.0.0"/><Module FullPath="C:\Program Files\AnsysEM\v222\Win64\boost_serialization-vc142-mt-x64-1_71.dll" BaseAddress="0xfaba0000" Size="0x0003c000" TimeStamp="01/21/2022 01:06:44" FileVersion="0.0.0.0" ProductVersion="0.0.0.0"/><Module FullPath="C:\Program Files\AnsysEM\v222\Win64\SPICECOMPILER.dll" BaseAddress="0x5bd60000" Size="0x03a2f000" TimeStamp="05/27/2022 01:41:34" FileVersion="2022.2.0.165" ProductVersion="2022.2.0.0"/><Module FullPath="C:\Program Files\AnsysEM\v222\Win64\ToolBox70.dll" BaseAddress="0x25820000" Size="0x0004b000" TimeStamp="05/27/2022 01:41:50" FileVersion="2022.2.0.5" ProductVersion="2022.2.0.0"/><Module FullPath="C:\Program Files\AnsysEM\v222\Win64\VHDLComp.dll" BaseAddress="0x25760000" Size="0x000bb000" TimeStamp="05/27/2022 01:42:02" FileVersion="2022.2.0.30" ProductVersion="2022.2.0.0"/><Module FullPath="C:\Program Files\AnsysEM\v222\Win64\Sim2000.dll" BaseAddress="0x581f0000" Size="0x03343000" TimeStamp="05/27/2022 01:41:04" FileVersion="2022.2.0.9" ProductVersion="2022.2.0.0"/><Module FullPath="C:\Program Files\AnsysEM\v222\Win64\SMLCompiler.dll" BaseAddress="0x5f790000" Size="0x060e4000" TimeStamp="05/27/2022 01:41:26" FileVersion="2022.2.0.499" ProductVersion="2022.2.0.0"/><Module FullPath="C:\Program Files\AnsysEM\v222\Win64\VHDLGenData.dll" BaseAddress="0x258b0000" Size="0x000d9000" TimeStamp="05/27/2022 01:42:02" FileVersion="2022.2.0.5" ProductVersion="2022.2.0.0"/><Module FullPath="C:\Program Files\AnsysEM\v222\Win64\SimpLang80.dll" BaseAddress="0x65880000" Size="0x0042d000" TimeStamp="05/27/2022 01:41:08" FileVersion="2022.2.0.1" ProductVersion="2022.2.0.0"/><Module FullPath="C:\Program Files\AnsysEM\v222\Win64\Complex.dll" BaseAddress="0x571b0000" Size="0x00011000" TimeStamp="05/27/2022 01:38:04" FileVersion="2022.2.0.1" ProductVersion="2022.2.0.0"/><Module FullPath="C:\Program Files\AnsysEM\v222\Win64\datatrans.dll" BaseAddress="0x5b660000" Size="0x00021000" TimeStamp="05/27/2022 01:38:12" FileVersion="2022.2.0.1" ProductVersion="2022.2.0.0"/><Module FullPath="C:\Program Files\AnsysEM\v222\Win64\SimpComm80.dll" BaseAddress="0x5b540000" Size="0x00120000" TimeStamp="05/27/2022 01:41:06" FileVersion="2022.2.0.0" ProductVersion="2022.2.0.0"/><Module FullPath="C:\Program Files\AnsysEM\v222\Win64\MaxWSpcPwl.dll" BaseAddress="0x5b6a0000" Size="0x0001a000" TimeStamp="05/27/2022 01:39:58" FileVersion="2022.2.0.0" ProductVersion="2022.2.0.0"/><Module FullPath="C:\WINDOWS\System32\oledlg.dll" BaseAddress="0xfc750000" Size="0x0003b000" TimeStamp="02/05/2024 19:50:19" FileVersion="6.2.22000.2600" ProductVersion="10.0.22000.2600"/><Module FullPath="C:\Program Files\AnsysEM\v222\Win64\Formelsolver.dll" BaseAddress="0x5b6f0000" Size="0x0015b000" TimeStamp="05/27/2022 01:39:00" FileVersion="2022.2.0.3" ProductVersion="2022.2.0.0"/><Module FullPath="C:\PROGRAM FILES\AnsysEM\v222\Win64\SimVHDL.dll" BaseAddress="0x65cb0000" Size="0x000ed000" TimeStamp="05/27/2022 01:41:14" FileVersion="2022.2.0.5" ProductVersion="2022.2.0.0"/><Module FullPath="C:\Program Files\AnsysEM\v222\Win64\SimVHDLA.dll" BaseAddress="0x5b870000" Size="0x000ac000" TimeStamp="05/27/2022 01:41:14" FileVersion="2022.2.0.5" ProductVersion="2022.2.0.0"/><Module FullPath="C:\Program Files\AnsysEM\v222\Win64\SimVHDLDig.dll" BaseAddress="0x65de0000" Size="0x000c1000" TimeStamp="05/27/2022 01:41:14" FileVersion="2022.2.0.5" ProductVersion="2022.2.0.0"/><Module FullPath="C:\Program Files\AnsysEM\v222\Win64\Sim2000User.dll" BaseAddress="0x65eb0000" Size="0x00027000" TimeStamp="05/27/2022 01:41:06" FileVersion="2022.2.0.8" ProductVersion="2022.2.0.0"/><Module FullPath="C:\Program Files\AnsysEM\v222\Win64\aciskern.dll" BaseAddress="0x66040000" Size="0x00402000" TimeStamp="05/27/2022 01:36:50" FileVersion="2022.2.0.1" ProductVersion="2022.2.0.0"/><Module FullPath="C:\Program Files\AnsysEM\v222\Win64\SPADefeature.dll" BaseAddress="0xa7570000" Size="0x00211000" TimeStamp="06/14/2019 14:48:22" FileVersion="20191.0.1.19106" ProductVersion="20191.0.1.19106"/><Module FullPath="C:\Program Files\AnsysEM\v222\Win64\admhusk.dll" BaseAddress="0xd77f0000" Size="0x000c3000" TimeStamp="06/14/2019 14:48:16" FileVersion="20191.0.1.19106" ProductVersion="20191.0.1.19106"/><Module FullPath="C:\Program Files\AnsysEM\v222\Win64\SpaACIS.dll" BaseAddress="0x614e0000" Size="0x03a01000" TimeStamp="06/14/2019 14:48:22" FileVersion="20191.0.1.19137" ProductVersion="20191.0.1.19137"/><Module FullPath="C:\Program Files\AnsysEM\v222\Win64\polygonicakernel.DLL" BaseAddress="0x66480000" Size="0x009cc000" TimeStamp="05/27/2022 01:40:30" FileVersion="0.0.0.0" ProductVersion="0.0.0.0"/><Module FullPath="C:\Program Files\AnsysEM\v222\Win64\Geometry3DPlugin.DLL" BaseAddress="0x684a0000" Size="0x00034000" TimeStamp="05/27/2022 01:39:06" FileVersion="0.0.0.0" ProductVersion="0.0.0.0"/><Module FullPath="C:\Program Files\AnsysEM\v222\Win64\cableui.dll" BaseAddress="0x684e0000" Size="0x0062d000" TimeStamp="05/27/2022 01:37:52" FileVersion="2022.2.0.1" ProductVersion="2022.2.0.0"/><Module FullPath="C:\Program Files\AnsysEM\v222\Win64\cableng.dll" BaseAddress="0x68b40000" Size="0x000ee000" TimeStamp="05/27/2022 01:37:52" FileVersion="2022.2.0.1" ProductVersion="2022.2.0.0"/><Module FullPath="C:\Program Files\AnsysEM\v222\Win64\HfssSbrPlus.DLL" BaseAddress="0xa2d70000" Size="0x00377000" TimeStamp="05/27/2022 01:39:20" FileVersion="0.0.0.0" ProductVersion="0.0.0.0"/><Module FullPath="C:\Program Files\AnsysEM\v222\Win64\reportkern.DLL" BaseAddress="0x68c50000" Size="0x00207000" TimeStamp="05/27/2022 01:40:50" FileVersion="2022.2.0.1" ProductVersion="2022.2.0.0"/><Module FullPath="C:\WINDOWS\System32\policymanager.dll" BaseAddress="0x09430000" Size="0x000a1000" TimeStamp="06/17/2024 15:39:19" FileVersion="6.2.22000.3019" ProductVersion="10.0.22000.3019"/><Module FullPath="C:\WINDOWS\System32\msvcp110_win.dll" BaseAddress="0x09390000" Size="0x00092000" TimeStamp="06/05/2021 07:04:52" FileVersion="6.2.22000.1" ProductVersion="10.0.22000.1"/><Module FullPath="C:\WINDOWS\System32\cfgmgr32.dll" BaseAddress="0x12d90000" Size="0x0004c000" TimeStamp="03/18/2024 05:48:12" FileVersion="6.2.22000.2836" ProductVersion="10.0.22000.2836"/><Module FullPath="C:\WINDOWS\System32\apphelp.dll" BaseAddress="0x10110000" Size="0x00091000" TimeStamp="02/05/2024 19:50:16" FileVersion="6.2.22000.2600" ProductVersion="10.0.22000.2600"/><Module FullPath="C:\WINDOWS\System32\propsys.dll" BaseAddress="0x0e0f0000" Size="0x000f7000" TimeStamp="02/05/2024 19:50:02" FileVersion="7.0.22000.2600" ProductVersion="7.0.22000.2600"/><Module FullPath="C:\WINDOWS\System32\netprofm.dll" BaseAddress="0x0eb00000" Size="0x00072000" TimeStamp="02/05/2024 19:50:37" FileVersion="6.2.22000.2600" ProductVersion="10.0.22000.2600"/><Module FullPath="C:\WINDOWS\System32\npmproxy.dll" BaseAddress="0x0bb20000" Size="0x00012000" TimeStamp="02/05/2024 19:50:37" FileVersion="6.2.22000.2600" ProductVersion="10.0.22000.2600"/><Module FullPath="C:\WINDOWS\System32\DriverStore\FileRepository\prnms003.inf_amd64_43dfd1c8c67d4509\Amd64\PrintConfig.dll" BaseAddress="0xcde00000" Size="0x003c4000" TimeStamp="07/15/2024 10:37:01" FileVersion="0.3.22000.3079" ProductVersion="10.0.22000.3079"/><Module FullPath="C:\WINDOWS\System32\userenv.dll" BaseAddress="0x127f0000" Size="0x00029000" TimeStamp="04/15/2024 04:37:36" FileVersion="6.2.22000.2899" ProductVersion="10.0.22000.2899"/><Module FullPath="C:\WINDOWS\System32\prntvpt.dll" BaseAddress="0xcd9e0000" Size="0x00031000" TimeStamp="06/05/2021 07:05:39" FileVersion="6.2.22000.1" ProductVersion="10.0.22000.1"/><Module FullPath="C:\WINDOWS\System32\virtdisk.dll" BaseAddress="0xeb760000" Size="0x00013000" TimeStamp="02/05/2024 19:50:13" FileVersion="6.2.22000.2600" ProductVersion="10.0.22000.2600"/><Module FullPath="C:\WINDOWS\System32\fltLib.dll" BaseAddress="0x02290000" Size="0x0000b000" TimeStamp="02/05/2024 19:50:23" FileVersion="6.2.22000.2600" ProductVersion="10.0.22000.2600"/><Module FullPath="C:\WINDOWS\System32\jscript.dll" BaseAddress="0xcd3e0000" Size="0x000d6000" TimeStamp="02/05/2024 19:51:14" FileVersion="5.812.10240.16384" ProductVersion="5.812.10240.16384"/><Module FullPath="C:\ProgramData\Microsoft\Windows Defender\Platform\4.18.24080.9-0\MpOAV.dll" BaseAddress="0xf2210000" Size="0x00081000" TimeStamp="09/24/2024 09:20:41" FileVersion="4.18.24080.9" ProductVersion="4.18.24080.9"/><Module FullPath="C:\WINDOWS\System32\sxs.dll" BaseAddress="0x12f30000" Size="0x000a2000" TimeStamp="02/05/2024 19:50:07" FileVersion="6.2.22000.2600" ProductVersion="10.0.22000.2600"/><Module FullPath="C:\WINDOWS\System32\directxdatabasehelper.dll" BaseAddress="0x0e8d0000" Size="0x00044000" TimeStamp="02/05/2024 19:49:59" FileVersion="6.2.22000.2600" ProductVersion="10.0.22000.2600"/><Module FullPath="C:\WINDOWS\System32\ntmarta.dll" BaseAddress="0x12280000" Size="0x00034000" TimeStamp="06/05/2021 07:05:25" FileVersion="6.2.22000.1" ProductVersion="10.0.22000.1"/><Module FullPath="C:\WINDOWS\System32\DriverStore\FileRepository\iigd_dch.inf_amd64_f5126faa269557ae\ig9icd64.dll" BaseAddress="0x6dde0000" Size="0x00f17000" TimeStamp="08/28/2020 12:10:46" FileVersion="26.20.100.8141" ProductVersion="26.20.100.8141"/><Module FullPath="C:\WINDOWS\System32\dxgi.dll" BaseAddress="0x10640000" Size="0x000f3000" TimeStamp="02/05/2024 19:49:58" FileVersion="6.2.22000.2600" ProductVersion="10.0.22000.2600"/><Module FullPath="C:\WINDOWS\System32\DriverStore\FileRepository\iigd_dch.inf_amd64_f5126faa269557ae\igdgmm64.dll" BaseAddress="0x0a510000" Size="0x001a4000" TimeStamp="08/28/2020 12:11:10" FileVersion="26.20.100.8141" ProductVersion="26.20.100.8141"/><Module FullPath="C:\WINDOWS\System32\DriverStore\FileRepository\iigd_dch.inf_amd64_f5126faa269557ae\igdml64.dll" BaseAddress="0x8a2c0000" Size="0x0035b000" TimeStamp="08/28/2020 12:11:14" FileVersion="26.20.100.8141" ProductVersion="26.20.100.8141"/><Module FullPath="C:\WINDOWS\System32\DriverStore\FileRepository\iigd_dch.inf_amd64_f5126faa269557ae\igc64.dll" BaseAddress="0x05700000" Size="0x02601000" TimeStamp="08/28/2020 12:10:50" FileVersion="26.20.100.8141" ProductVersion="26.20.100.8141"/><Module FullPath="C:\WINDOWS\System32\powrprof.dll" BaseAddress="0x11f50000" Size="0x0004d000" TimeStamp="06/05/2021 07:05:25" FileVersion="6.2.22000.1" ProductVersion="10.0.22000.1"/><Module FullPath="C:\WINDOWS\System32\umpdc.dll" BaseAddress="0x11f30000" Size="0x00013000" TimeStamp="06/05/2021 07:04:57" FileVersion="6.2.22000.1" ProductVersion="10.0.22000.1"/><Module FullPath="C:\WINDOWS\System32\winsta.dll" BaseAddress="0x11da0000" Size="0x00064000" TimeStamp="04/15/2024 04:37:35" FileVersion="6.2.22000.2899" ProductVersion="10.0.22000.2899"/><Module FullPath="C:\WINDOWS\System32\AudioSes.dll" BaseAddress="0x04eb0000" Size="0x001d3000" TimeStamp="02/05/2024 19:49:39" FileVersion="6.2.22000.2600" ProductVersion="10.0.22000.2600"/><Module FullPath="C:\Program Files\AnsysEM\v222\Win64\mkl_avx2.dll" BaseAddress="0x5ee40000" Size="0x02691000" TimeStamp="07/20/2017 11:53:54" FileVersion="2018.0.0.1" ProductVersion="0.0.0.0"/><Module FullPath="C:\WINDOWS\System32\edputil.dll" BaseAddress="0xd89a0000" Size="0x00026000" TimeStamp="06/05/2021 07:05:29" FileVersion="6.2.22000.1" ProductVersion="10.0.22000.1"/><Module FullPath="C:\WINDOWS\System32\vaultcli.dll" BaseAddress="0xf4a30000" Size="0x00059000" TimeStamp="02/05/2024 19:50:07" FileVersion="6.2.22000.2600" ProductVersion="10.0.22000.2600"/><Module FullPath="C:\WINDOWS\System32\thumbcache.dll" BaseAddress="0xd89d0000" Size="0x00066000" TimeStamp="02/05/2024 19:49:47" FileVersion="6.2.22000.2600" ProductVersion="10.0.22000.2600"/><Module FullPath="C:\WINDOWS\System32\ntshrui.dll" BaseAddress="0xd5c30000" Size="0x0007f000" TimeStamp="02/05/2024 19:50:33" FileVersion="6.2.22000.2600" ProductVersion="10.0.22000.2600"/><Module FullPath="C:\WINDOWS\System32\cscapi.dll" BaseAddress="0xf2120000" Size="0x00012000" TimeStamp="06/05/2021 07:05:40" FileVersion="6.2.22000.1" ProductVersion="10.0.22000.1"/><Module FullPath="C:\WINDOWS\System32\StructuredQuery.dll" BaseAddress="0xd56b0000" Size="0x000b6000" TimeStamp="06/05/2021 07:05:09" FileVersion="7.0.22000.1" ProductVersion="7.0.22000.1"/><Module FullPath="C:\WINDOWS\System32\Windows.Storage.Search.dll" BaseAddress="0xce5f0000" Size="0x000d6000" TimeStamp="02/05/2024 19:50:04" FileVersion="6.2.22000.2600" ProductVersion="10.0.22000.2600"/><Module FullPath="C:\WINDOWS\System32\windows.staterepositorycore.dll" BaseAddress="0x09fd0000" Size="0x0001b000" TimeStamp="02/05/2024 19:50:03" FileVersion="6.2.22000.2600" ProductVersion="10.0.22000.2600"/><Module FullPath="C:\Program Files\Microsoft OneDrive\24.196.0929.0005\FileSyncShell64.dll" BaseAddress="0x21610000" Size="0x001d4000" TimeStamp="10/22/2024 22:13:05" FileVersion="24.196.929.5" ProductVersion="24.196.929.5"/><Module FullPath="C:\WINDOWS\System32\wininet.dll" BaseAddress="0x048a0000" Size="0x004fb000" TimeStamp="02/05/2024 19:50:31" FileVersion="11.0.22000.2600" ProductVersion="11.0.22000.2600"/><Module FullPath="C:\WINDOWS\System32\EhStorShell.dll" BaseAddress="0xd41b0000" Size="0x00037000" TimeStamp="06/05/2021 07:05:29" FileVersion="6.2.22000.1" ProductVersion="10.0.22000.1"/><Module FullPath="C:\WINDOWS\System32\setupapi.dll" BaseAddress="0x13f70000" Size="0x0046c000" TimeStamp="03/18/2024 05:48:16" FileVersion="6.2.22000.2836" ProductVersion="10.0.22000.2836"/><Module FullPath="C:\WINDOWS\System32\cscui.dll" BaseAddress="0xd52a0000" Size="0x000d2000" TimeStamp="06/05/2021 09:30:40" FileVersion="6.2.22000.1" ProductVersion="10.0.22000.1"/><Module FullPath="C:\WINDOWS\System32\p9np.dll" BaseAddress="0xf2310000" Size="0x0002c000" TimeStamp="02/05/2024 19:51:26" FileVersion="6.2.22000.2600" ProductVersion="10.0.22000.2600"/><Module FullPath="C:\WINDOWS\System32\drprov.dll" BaseAddress="0xfa680000" Size="0x0000c000" TimeStamp="06/05/2021 07:06:14" FileVersion="6.2.22000.1" ProductVersion="10.0.22000.1"/><Module FullPath="C:\WINDOWS\System32\ntlanman.dll" BaseAddress="0xf21e0000" Size="0x00021000" TimeStamp="07/15/2024 10:37:08" FileVersion="6.2.22000.3079" ProductVersion="10.0.22000.3079"/><Module FullPath="C:\WINDOWS\System32\davclnt.dll" BaseAddress="0xf2140000" Size="0x0001e000" TimeStamp="06/05/2021 07:06:17" FileVersion="6.2.22000.1" ProductVersion="10.0.22000.1"/><Module FullPath="C:\WINDOWS\System32\wkscli.dll" BaseAddress="0x0c2e0000" Size="0x0001a000" TimeStamp="06/17/2024 15:39:17" FileVersion="6.2.22000.3019" ProductVersion="10.0.22000.3019"/><Module FullPath="C:\WINDOWS\System32\dlnashext.dll" BaseAddress="0xc81b0000" Size="0x00057000" TimeStamp="06/05/2021 09:30:33" FileVersion="6.2.22000.1" ProductVersion="10.0.22000.1"/><Module FullPath="C:\WINDOWS\System32\PlayToDevice.dll" BaseAddress="0xe2350000" Size="0x0006e000" TimeStamp="02/05/2024 19:51:11" FileVersion="6.2.22000.2600" ProductVersion="10.0.22000.2600"/><Module FullPath="C:\WINDOWS\System32\DevDispItemProvider.dll" BaseAddress="0xd5470000" Size="0x00021000" TimeStamp="02/05/2024 19:50:03" FileVersion="6.2.22000.2600" ProductVersion="10.0.22000.2600"/><Module FullPath="C:\WINDOWS\System32\MMDevAPI.dll" BaseAddress="0x0a1e0000" Size="0x0009b000" TimeStamp="02/05/2024 19:49:38" FileVersion="6.2.22000.2600" ProductVersion="10.0.22000.2600"/><Module FullPath="C:\WINDOWS\System32\devobj.dll" BaseAddress="0x12de0000" Size="0x0002c000" TimeStamp="03/18/2024 05:48:12" FileVersion="6.2.22000.2836" ProductVersion="10.0.22000.2836"/><Module FullPath="C:\WINDOWS\System32\windows.staterepositoryclient.dll" BaseAddress="0x098e0000" Size="0x0003e000" TimeStamp="02/05/2024 19:50:03" FileVersion="6.2.22000.2600" ProductVersion="10.0.22000.2600"/><Module FullPath="C:\WINDOWS\System32\MrmCoreR.dll" BaseAddress="0xf0640000" Size="0x00101000" TimeStamp="02/05/2024 19:50:02" FileVersion="6.2.22000.2600" ProductVersion="10.0.22000.2600"/><Module FullPath="C:\WINDOWS\System32\BCP47mrm.dll" BaseAddress="0xed9f0000" Size="0x0002d000" TimeStamp="02/05/2024 19:50:02" FileVersion="6.2.22000.2600" ProductVersion="10.0.22000.2600"/><Module FullPath="C:\WINDOWS\System32\dui70.dll" BaseAddress="0xa9ee0000" Size="0x001bf000" TimeStamp="06/05/2021 07:05:29" FileVersion="6.2.22000.1" ProductVersion="10.0.22000.1"/><Module FullPath="C:\WINDOWS\System32\duser.dll" BaseAddress="0xab710000" Size="0x00099000" TimeStamp="06/05/2021 07:05:29" FileVersion="6.2.22000.1" ProductVersion="10.0.22000.1"/><Module FullPath="C:\WINDOWS\System32\xmllite.dll" BaseAddress="0x0efa0000" Size="0x00037000" TimeStamp="02/05/2024 19:50:24" FileVersion="6.2.22000.2600" ProductVersion="10.0.22000.2600"/><Module FullPath="C:\WINDOWS\System32\atlthunk.dll" BaseAddress="0xdafe0000" Size="0x0000d000" TimeStamp="06/05/2021 07:05:02" FileVersion="6.2.22000.1" ProductVersion="10.0.22000.1"/><Module FullPath="C:\WINDOWS\System32\NetworkExplorer.dll" BaseAddress="0xe4440000" Size="0x00018000" TimeStamp="02/05/2024 19:50:29" FileVersion="6.2.22000.2600" ProductVersion="10.0.22000.2600"/><Module FullPath="C:\WINDOWS\System32\coml2.dll" BaseAddress="0x14810000" Size="0x0007b000" TimeStamp="06/05/2021 07:05:09" FileVersion="6.2.22000.1" ProductVersion="10.0.22000.1"/><Module FullPath="C:\WINDOWS\System32\linkinfo.dll" BaseAddress="0xe6fb0000" Size="0x0000d000" TimeStamp="06/05/2021 07:05:33" FileVersion="6.2.22000.1" ProductVersion="10.0.22000.1"/><Module FullPath="C:\WINDOWS\System32\msi.dll" BaseAddress="0x01c50000" Size="0x0035f000" TimeStamp="07/15/2024 10:37:20" FileVersion="5.0.22000.3079" ProductVersion="5.0.22000.3079"/><Module FullPath="C:\Program Files\AnsysEM\v222\Win64\dhmkernel.dll" BaseAddress="0x247b0000" Size="0x00071000" TimeStamp="05/27/2022 01:43:10" FileVersion="0.0.0.0" ProductVersion="0.0.0.0"/><Module FullPath="C:\WINDOWS\System32\winhttp.dll" BaseAddress="0x12160000" Size="0x00114000" TimeStamp="07/15/2024 10:37:07" FileVersion="6.2.22000.3079" ProductVersion="10.0.22000.3079"/><Module FullPath="C:\WINDOWS\System32\wbem\wbemprox.dll" BaseAddress="0xff6d0000" Size="0x00010000" TimeStamp="07/15/2024 10:37:02" FileVersion="6.2.22000.3079" ProductVersion="10.0.22000.3079"/><Module FullPath="C:\WINDOWS\System32\wbemcomn.dll" BaseAddress="0xfff70000" Size="0x00082000" TimeStamp="06/05/2021 07:04:58" FileVersion="6.2.22000.1" ProductVersion="10.0.22000.1"/><Module FullPath="C:\WINDOWS\System32\wbem\wbemsvc.dll" BaseAddress="0xfacd0000" Size="0x00014000" TimeStamp="07/15/2024 10:37:02" FileVersion="6.2.22000.3079" ProductVersion="10.0.22000.3079"/><Module FullPath="C:\WINDOWS\System32\wbem\fastprox.dll" BaseAddress="0xf6ed0000" Size="0x000fa000" TimeStamp="06/05/2021 07:04:58" FileVersion="6.2.22000.1" ProductVersion="10.0.22000.1"/><Module FullPath="C:\WINDOWS\System32\amsi.dll" BaseAddress="0xf24a0000" Size="0x00023000" TimeStamp="02/05/2024 19:49:44" FileVersion="6.2.22000.2600" ProductVersion="10.0.22000.2600"/><Module FullPath="C:\WINDOWS\System32\gpapi.dll" BaseAddress="0x12780000" Size="0x00024000" TimeStamp="05/20/2024 04:03:13" FileVersion="6.2.22000.2960" ProductVersion="10.0.22000.2960"/><Module FullPath="C:\WINDOWS\System32\cryptnet.dll" BaseAddress="0xf2f20000" Size="0x00031000" TimeStamp="06/05/2021 07:05:23" FileVersion="6.2.22000.1" ProductVersion="10.0.22000.1"/><Module FullPath="C:\WINDOWS\System32\winnsi.dll" BaseAddress="0x0e370000" Size="0x0000c000" TimeStamp="06/05/2021 07:05:25" FileVersion="6.2.22000.1" ProductVersion="10.0.22000.1"/><Module FullPath="C:\WINDOWS\System32\webio.dll" BaseAddress="0xf1880000" Size="0x000aa000" TimeStamp="07/15/2024 10:37:07" FileVersion="6.2.22000.3079" ProductVersion="10.0.22000.3079"/><Module FullPath="C:\WINDOWS\System32\ieframe.dll" BaseAddress="0x1b950000" Size="0x007cb000" TimeStamp="07/15/2024 10:37:19" FileVersion="11.0.22000.3079" ProductVersion="11.0.22000.3079"/><Module FullPath="C:\WINDOWS\System32\msxml6.dll" BaseAddress="0xf0e90000" Size="0x00281000" TimeStamp="02/05/2024 19:50:07" FileVersion="6.30.22000.2600" ProductVersion="6.30.22000.2600"/><Module FullPath="C:\WINDOWS\System32\Windows.System.Launcher.dll" BaseAddress="0x09ae0000" Size="0x0013b000" TimeStamp="02/05/2024 19:49:48" FileVersion="6.2.22000.2600" ProductVersion="10.0.22000.2600"/><Module FullPath="C:\Program Files\AnsysEM\v222\Win64\Ansys.Ansoft.PluginCoreDotNet.dll" BaseAddress="0x08a70000" Size="0x00010000" TimeStamp="05/27/2022 01:37:16" FileVersion="1.0.0.0" ProductVersion="1.0.0.0"/><Module FullPath="C:\Program Files\AnsysEM\v222\Win64\Ansys.Ansoft.CoreDotNet.dll" BaseAddress="0x08a90000" Size="0x0000a000" TimeStamp="05/27/2022 01:37:08" FileVersion="1.0.0.0" ProductVersion="1.0.0.0"/><Module FullPath="C:\Program Files\AnsysEM\v222\Win64\Ansys.Ansoft.DesktopPlugin.dll" BaseAddress="0x571a0000" Size="0x00010000" TimeStamp="05/27/2022 01:37:12" FileVersion="1.0.0.0" ProductVersion="1.0.0.0"/><Module FullPath="C:\Program Files\AnsysEM\v222\Win64\Ansys.Ansoft.CoreCOMScripting.dll" BaseAddress="0x571e0000" Size="0x00026000" TimeStamp="05/27/2022 01:37:08" FileVersion="1.0.0.0" ProductVersion="1.0.0.0"/></Modules></Exception>
